28 Jun 2026,FT,Brazil,2,Japan,1,FIFA World Cup 2026™
28 Jun 2026,FT,South_Africa,0,Canada,1,FIFA World Cup 2026™
28 Jun 2026,FT,Algeria,3,Austria,3,FIFA World Cup 2026™
28 Jun 2026,FT,Jordan,1,Argentina,3,FIFA World Cup 2026™
27 Jun 2026,FT,Congo_DR,3,Uzbekistan,1,FIFA World Cup 2026™
27 Jun 2026,FT,Colombia,0,Portugal,0,FIFA World Cup 2026™
27 Jun 2026,FT,Panama,0,England,2,FIFA World Cup 2026™
27 Jun 2026,FT,Croatia,2,Ghana,1,FIFA World Cup 2026™
27 Jun 2026,FT,Egypt,1,IR_Iran,1,FIFA World Cup 2026™
27 Jun 2026,FT,New_Zealand,1,Belgium,5,FIFA World Cup 2026™
27 Jun 2026,FT,Cabo_Verde,0,Saudi_Arabia,0,FIFA World Cup 2026™
27 Jun 2026,FT,Uruguay,0,Spain,1,FIFA World Cup 2026™
26 Jun 2026,FT,Norway,1,France,4,FIFA World Cup 2026™
26 Jun 2026,FT,Senegal,5,Iraq,0,FIFA World Cup 2026™
26 Jun 2026,FT,Paraguay,0,Australia,0,FIFA World Cup 2026™
26 Jun 2026,FT,Türkiye,3,USA,2,FIFA World Cup 2026™
25 Jun 2026,FT,Tunisia,1,Netherlands,3,FIFA World Cup 2026™
25 Jun 2026,FT,Japan,1,Sweden,1,FIFA World Cup 2026™
25 Jun 2026,FT,Curaçao,0,Côte_d_Ivoire,2,FIFA World Cup 2026™
25 Jun 2026,FT,Ecuador,2,Germany,1,FIFA World Cup 2026™
25 Jun 2026,FT,South_Africa,1,Korea_Republic,0,FIFA World Cup 2026™
25 Jun 2026,FT,Czechia,0,Mexico,3,FIFA World Cup 2026™
24 Jun 2026,FT,Scotland,0,Brazil,3,FIFA World Cup 2026™
24 Jun 2026,FT,Morocco,4,Haiti,2,FIFA World Cup 2026™
24 Jun 2026,FT,Switzerland,2,Canada,1,FIFA World Cup 2026™
24 Jun 2026,FT,Bosnia_and_Herzegovina,3,Qatar,1,FIFA World Cup 2026™
24 Jun 2026,FT,Colombia,1,Congo_DR,0,FIFA World Cup 2026™
23 Jun 2026,FT,Panama,0,Croatia,1,FIFA World Cup 2026™
23 Jun 2026,FT,England,0,Ghana,0,FIFA World Cup 2026™
23 Jun 2026,FT,Portugal,5,Uzbekistan,0,FIFA World Cup 2026™
23 Jun 2026,FT,Jordan,1,Algeria,2,FIFA World Cup 2026™
23 Jun 2026,FT,Norway,3,Senegal,2,FIFA World Cup 2026™
22 Jun 2026,FT,France,3,Iraq,0,FIFA World Cup 2026™
22 Jun 2026,FT,Argentina,2,Austria,0,FIFA World Cup 2026™
22 Jun 2026,FT,New_Zealand,1,Egypt,3,FIFA World Cup 2026™
21 Jun 2026,FT,Uruguay,2,Cabo_Verde,2,FIFA World Cup 2026™
21 Jun 2026,FT,Belgium,0,IR_Iran,0,FIFA World Cup 2026™
21 Jun 2026,FT,Spain,4,Saudi_Arabia,0,FIFA World Cup 2026™
21 Jun 2026,FT,Tunisia,0,Japan,4,FIFA World Cup 2026™
21 Jun 2026,FT,Ecuador,0,Curaçao,0,FIFA World Cup 2026™
20 Jun 2026,FT,Germany,2,Côte_d_Ivoire,1,FIFA World Cup 2026™
20 Jun 2026,FT,Netherlands,5,Sweden,1,FIFA World Cup 2026™
20 Jun 2026,FT,Türkiye,0,Paraguay,1,FIFA World Cup 2026™
20 Jun 2026,FT,Brazil,3,Haiti,0,FIFA World Cup 2026™
19 Jun 2026,FT,Scotland,0,Morocco,1,FIFA World Cup 2026™
19 Jun 2026,FT,USA,2,Australia,0,FIFA World Cup 2026™
19 Jun 2026,FT,Mexico,1,Korea_Republic,0,FIFA World Cup 2026™
18 Jun 2026,FT,Canada,6,Qatar,0,FIFA World Cup 2026™
18 Jun 2026,FT,Switzerland,4,Bosnia_and_Herzegovina,1,FIFA World Cup 2026™
18 Jun 2026,FT,Czechia,1,South_Africa,1,FIFA World Cup 2026™
18 Jun 2026,FT,Uzbekistan,1,Colombia,3,FIFA World Cup 2026™
17 Jun 2026,FT,Ghana,1,Panama,0,FIFA World Cup 2026™
17 Jun 2026,FT,England,4,Croatia,2,FIFA World Cup 2026™
17 Jun 2026,FT,Portugal,1,Congo_DR,1,FIFA World Cup 2026™
17 Jun 2026,FT,Austria,3,Jordan,1,FIFA World Cup 2026™
17 Jun 2026,FT,Argentina,3,Algeria,0,FIFA World Cup 2026™
16 Jun 2026,FT,Iraq,1,Norway,4,FIFA World Cup 2026™
16 Jun 2026,FT,France,3,Senegal,1,FIFA World Cup 2026™
16 Jun 2026,FT,IR_Iran,2,New_Zealand,2,FIFA World Cup 2026™
15 Jun 2026,FT,Saudi_Arabia,1,Uruguay,1,FIFA World Cup 2026™
15 Jun 2026,FT,Belgium,1,Egypt,1,FIFA World Cup 2026™
15 Jun 2026,FT,Spain,0,Cabo_Verde,0,FIFA World Cup 2026™
15 Jun 2026,FT,Sweden,5,Tunisia,1,FIFA World Cup 2026™
14 Jun 2026,FT,Côte_d_Ivoire,1,Ecuador,0,FIFA World Cup 2026™
14 Jun 2026,FT,Netherlands,2,Japan,2,FIFA World Cup 2026™
14 Jun 2026,FT,Germany,7,Curaçao,1,FIFA World Cup 2026™
14 Jun 2026,FT,Australia,2,Türkiye,0,FIFA World Cup 2026™
14 Jun 2026,FT,Haiti,0,Scotland,1,FIFA World Cup 2026™
13 Jun 2026,FT,Brazil,1,Morocco,1,FIFA World Cup 2026™
13 Jun 2026,FT,Qatar,1,Switzerland,1,FIFA World Cup 2026™
13 Jun 2026,FT,USA,4,Paraguay,1,FIFA World Cup 2026™
12 Jun 2026,FT,Canada,1,Bosnia_and_Herzegovina,1,FIFA World Cup 2026™
12 Jun 2026,FT,Korea_Republic,2,Czechia,1,FIFA World Cup 2026™
11 Jun 2026,FT,Mexico,2,South_Africa,0,FIFA World Cup 2026™
10 Jun 2026,FT,England,3,Costa_Rica,0,Friendly 2026
10 Jun 2026,FT,Portugal,2,Nigeria,1,Friendly 2026
10 Jun 2026,FT,Pakistan,2,Afghanistan,0,Diamond Jubilee International Football Tournament
10 Jun 2026,FT,Venezuela,2,Iraq,0,Friendly 2026
10 Jun 2026,FT,Argentina,3,Iceland,0,Friendly 2026
09 Jun 2026,FT,Senegal,0,Saudi_Arabia,0,Friendly 2026
09 Jun 2026,FT,Liberia,3,Sierra_Leone,1,Friendly 2026
09 Jun 2026,FT,Benin,1,Togo,5,Friendly 2026
09 Jun 2026,FT,Azerbaijan,2,San_Marino,1,Friendly 2026
09 Jun 2026,FT,Angola,3,Central_African_Republic,0,Friendly 2026
09 Jun 2026,FT,Russia,3,Trinidad_and_Tobago,0,Friendly 2026
09 Jun 2026,FT,Hungary,3,Kazakhstan,1,Friendly 2026
09 Jun 2026,FT,Belarus,2,Burkina_Faso,2,Friendly 2026
09 Jun 2026,FT,Congo_DR,1,Chile,2,Friendly 2026
09 Jun 2026,FT,Estonia,1,Lithuania,0,Baltic Cup 2026
09 Jun 2026,FT,Ethiopia,1,Malawi,1,Friendly 2026
09 Jun 2026,FT,Armenia,1,Moldova,1,Friendly 2026
09 Jun 2026,FT,Tajikistan,1,India,1,Friendly 2026
09 Jun 2026,FT,Latvia,0,Faroe_Islands,1,Baltic Cup 2026
09 Jun 2026,FT,Kyrgyz_Republic,0,Palestine,0,Friendly 2026
09 Jun 2026,FT,Indonesia,1,Mozambique,0,Friendly 2026
09 Jun 2026,FT,Cambodia,2,Hong_Kong,0,Friendly 2026
09 Jun 2026,FT,China_PR,0,Thailand,0,Friendly 2026
09 Jun 2026,FT,Philippines,5,Myanmar,1,Three Nations Tournament - Philippines 2026
09 Jun 2026,FT,Timor-Leste,3,Brunei,1,ASEAN Hyundai Cup 2026
09 Jun 2026,FT,Vanuatu,2,Fiji,2,Friendly 2026
09 Jun 2026,FT,Spain,3,Peru,1,Friendly 2026
08 Jun 2026,FT,France,3,Northern_Ireland,1,Friendly 2026
08 Jun 2026,FT,Niger,0,Mauritania,1,Friendly 2026
08 Jun 2026,FT,Netherlands,2,Uzbekistan,1,Friendly 2026
08 Jun 2026,FT,Sri_Lanka,4,Bhutan,1,Friendly 2026
07 Jun 2026,FT,Colombia,2,Jordan,0,Friendly 2026
07 Jun 2026,FT,Norway,1,Morocco,1,Friendly 2026
07 Jun 2026,FT,Ecuador,3,Guatemala,0,Friendly 2026
07 Jun 2026,FT,Greece,0,Italy,1,Friendly 2026
07 Jun 2026,FT,Croatia,2,Slovenia,1,Friendly 2026
07 Jun 2026,FT,Kosovo,3,Andorra,0,Friendly 2026
07 Jun 2026,FT,Lesotho,0,Kenya,4,Friendly 2026
07 Jun 2026,FT,Liechtenstein,0,Cyprus,2,Friendly 2026
07 Jun 2026,FT,Afghanistan,0,Pakistan,2,Diamond Jubilee International Football Tournament
07 Jun 2026,FT,Curaçao,4,Aruba,0,Friendly 2026
07 Jun 2026,FT,Argentina,2,Honduras,0,Friendly 2026
06 Jun 2026,FT,Brazil,2,Egypt,1,Friendly 2026
06 Jun 2026,FT,Venezuela,1,Türkiye,2,Friendly 2026
06 Jun 2026,FT,Bolivia,0,Scotland,4,Friendly 2026
06 Jun 2026,FT,Bermuda,0,Cabo_Verde,3,Friendly 2026
06 Jun 2026,FT,El_Salvador,0,Qatar,0,Friendly 2026
06 Jun 2026,FT,England,1,New_Zealand,0,Friendly 2026
06 Jun 2026,FT,Switzerland,1,Australia,1,Friendly 2026
06 Jun 2026,FT,Bosnia_and_Herzegovina,1,Panama,1,Friendly 2026
06 Jun 2026,FT,USA,1,Germany,2,Friendly 2026
06 Jun 2026,FT,Albania,0,Luxembourg,1,Friendly 2026
06 Jun 2026,FT,Portugal,2,Chile,1,Friendly 2026
06 Jun 2026,FT,Romania,2,Wales,1,Friendly 2026
06 Jun 2026,FT,Gibraltar,4,Cayman_Islands,1,Friendly 2026
06 Jun 2026,FT,Sierra_Leone,1,Liberia,0,Friendly 2026
06 Jun 2026,FT,Ethiopia,1,Malawi,0,Friendly 2026
06 Jun 2026,FT,Estonia,1,Faroe_Islands,0,Baltic Cup 2026
06 Jun 2026,FT,Kyrgyz_Republic,0,Palestine,0,Friendly 2026
06 Jun 2026,FT,Armenia,1,Kazakhstan,1,Friendly 2026
06 Jun 2026,FT,Belgium,5,Tunisia,0,Friendly 2026
06 Jun 2026,FT,Lithuania,1,Latvia,1,Baltic Cup 2026
06 Jun 2026,FT,Myanmar,6,Guam,1,Three Nations Tournament - Philippines 2026
06 Jun 2026,FT,Vanuatu,2,Fiji,1,Friendly 2026
06 Jun 2026,FT,Puerto_Rico,0,Saudi_Arabia,3,Friendly 2026
06 Jun 2026,FT,Peru,2,Haiti,1,Friendly 2026
05 Jun 2026,FT,Canada,1,Republic_of_Ireland,1,Friendly 2026
05 Jun 2026,FT,Paraguay,4,Nicaragua,0,Friendly 2026
05 Jun 2026,FT,Angola,1,Mauritania,1,Friendly 2026
05 Jun 2026,FT,Benin,1,Niger,1,Friendly 2026
05 Jun 2026,FT,Togo,1,Central_African_Republic,1,Friendly 2026
05 Jun 2026,FT,Azerbaijan,0,Malta,2,Friendly 2026
05 Jun 2026,FT,Hungary,2,Finland,1,Friendly 2026
05 Jun 2026,FT,Russia,3,Burkina_Faso,0,Friendly 2026
05 Jun 2026,FT,San_Marino,1,Bangladesh,2,Friendly 2026
05 Jun 2026,FT,Moldova,2,Bulgaria,2,Friendly 2026
05 Jun 2026,FT,Slovakia,2,Montenegro,2,Friendly 2026
05 Jun 2026,FT,Belarus,4,Syria,1,Friendly 2026
05 Jun 2026,FT,Georgia,2,Bahrain,0,Friendly 2026
05 Jun 2026,FT,Tajikistan,3,India,1,Friendly 2026
05 Jun 2026,FT,Indonesia,3,Oman,0,Friendly 2026
05 Jun 2026,FT,Thailand,2,Kuwait,2,Friendly 2026
05 Jun 2026,FT,Hong_Kong,2,Mongolia,0,Friendly 2026
05 Jun 2026,FT,Singapore,1,China_PR,2,Friendly 2026
05 Jun 2026,FT,Mexico,5,Serbia,1,Friendly 2026
05 Jun 2026,FT,Guatemala,1,Czechia,3,Friendly 2026
04 Jun 2026,FT,France,1,Côte_d_Ivoire,2,Friendly 2026
04 Jun 2026,FT,Spain,1,Iraq,1,Friendly 2026
04 Jun 2026,FT,Sweden,2,Greece,2,Friendly 2026
04 Jun 2026,FT,Andorra,2,Liechtenstein,0,Friendly 2026
04 Jun 2026,FT,Mali,0,IR_Iran,2,Friendly 2026
04 Jun 2026,FT,Northern_Ireland,1,Guinea,0,Friendly 2026
04 Jun 2026,FT,Slovenia,1,Cyprus,1,Friendly 2026
04 Jun 2026,FT,Lebanon,0,Yemen,2,Asian Nations Cup 2027 Prel. Comp.
04 Jun 2026,FT,Lesotho,1,Kenya,1,Friendly 2026
04 Jun 2026,FT,Cambodia,4,Bhutan,0,Friendly 2026
04 Jun 2026,FT,Maldives,0,Pakistan,3,Diamond Jubilee International Football Tournament
04 Jun 2026,FT,Korea_Republic,1,El_Salvador,0,Friendly 2026
04 Jun 2026,FT,Panama,4,Dominican_Republic,2,Friendly 2026
03 Jun 2026,FT,Netherlands,0,Algeria,1,Friendly 2026
03 Jun 2026,FT,Luxembourg,0,Italy,1,Friendly 2026
03 Jun 2026,FT,Poland,2,Nigeria,2,Friendly 2026
03 Jun 2026,FT,Albania,0,Israel,1,Friendly 2026
03 Jun 2026,FT,Congo_DR,0,Denmark,0,Friendly 2026
03 Jun 2026,FT,Gibraltar,4,British_Virgin_Islands,0,Friendly 2026
03 Jun 2026,FT,Philippines,5,Guam,1,Three Nations Tournament - Philippines 2026
03 Jun 2026,FT,Haiti,4,New_Zealand,0,Friendly 2026
02 Jun 2026,FT,Wales,1,Ghana,1,Friendly 2026
02 Jun 2026,FT,Morocco,4,Madagascar,0,Friendly 2026
02 Jun 2026,FT,Georgia,1,Romania,1,Friendly 2026
02 Jun 2026,FT,Croatia,0,Belgium,2,Friendly 2026
02 Jun 2026,FT,Canada,2,Uzbekistan,0,Friendly 2026
01 Jun 2026,FT,Colombia,3,Costa_Rica,1,Friendly 2026
01 Jun 2026,FT,Austria,1,Tunisia,0,Friendly 2026
01 Jun 2026,FT,Türkiye,4,North_Macedonia,0,Friendly 2026
01 Jun 2026,FT,Norway,3,Sweden,1,Friendly 2026
01 Jun 2026,FT,Maldives,0,Afghanistan,1,Diamond Jubilee International Football Tournament
01 Jun 2026,FT,Bulgaria,0,Montenegro,1,Friendly 2026
01 Jun 2026,FT,Slovakia,2,Malta,1,Friendly 2026
31 May 2026,FT,Brazil,6,Panama,2,Friendly 2026
31 May 2026,FT,USA,3,Senegal,2,Friendly 2026
31 May 2026,FT,Germany,4,Finland,0,Friendly 2026
31 May 2026,FT,Poland,0,Ukraine,2,Friendly 2026
31 May 2026,FT,Cabo_Verde,3,Serbia,0,Friendly 2026
31 May 2026,FT,Czechia,2,Kosovo,1,Friendly 2026
31 May 2026,FT,Switzerland,4,Jordan,1,Friendly 2026
31 May 2026,FT,Singapore,4,Mongolia,0,Friendly 2026
31 May 2026,FT,Japan,1,Iceland,0,Friendly 2026
31 May 2026,FT,Mexico,1,Australia,0,Friendly 2026
31 May 2026,FT,Saudi_Arabia,1,Ecuador,2,Friendly 2026
31 May 2026,FT,Korea_Republic,5,Trinidad_and_Tobago,0,Friendly 2026
30 May 2026,FT,Nigeria,3,Jamaica,0,The Unity Cup 2026
30 May 2026,FT,Zimbabwe,1,India,0,The Unity Cup 2026
30 May 2026,FT,Scotland,4,Curaçao,1,Friendly 2026
29 May 2026,FT,Bosnia_and_Herzegovina,0,North_Macedonia,0,Friendly 2026
29 May 2026,FT,South_Africa,0,Nicaragua,0,Friendly 2026
29 May 2026,FT,Iraq,1,Andorra,0,Friendly 2026
29 May 2026,FT,IR_Iran,3,The_Gambia,1,Friendly 2026
28 May 2026,FT,Republic_of_Ireland,1,Qatar,0,Friendly 2026
28 May 2026,FT,Egypt,1,Russia,0,Friendly 2026
27 May 2026,FT,Jamaica,2,India,0,The Unity Cup 2026
26 May 2026,FT,Nigeria,2,Zimbabwe,0,The Unity Cup 2026
23 May 2026,FT,Mexico,2,Ghana,0,Friendly 2026
16 May 2026,FT,Republic_of_Ireland,5,Grenada,0,Friendly 2026
01 Apr 2026,FT,Iraq,2,Bolivia,1,FIFA World Cup 2026™ Play-Off Tournament
01 Apr 2026,FT,Mexico,1,Belgium,1,Friendly 2026
01 Apr 2026,FT,Brazil,3,Croatia,1,Friendly 2026
31 Mar 2026,FT,Canada,0,Tunisia,0,Friendly 2026
31 Mar 2026,FT,Argentina,5,Zambia,0,Friendly 2026
31 Mar 2026,FT,USA,0,Portugal,2,Friendly 2026
31 Mar 2026,FT,Congo_DR,1,Jamaica,0,FIFA World Cup 2026™ Play-Off Tournament
31 Mar 2026,FT,Senegal,3,The_Gambia,1,Friendly 2026
31 Mar 2026,FT,Burkina_Faso,1,Guinea-Bissau,1,Friendly 2026
31 Mar 2026,FT,Spain,0,Egypt,0,Friendly 2026
31 Mar 2026,FT,Slovakia,2,Romania,0,Friendly 2026
31 Mar 2026,FT,Ukraine,1,Albania,0,Friendly 2026
31 Mar 2026,FT,Republic_of_Ireland,0,North_Macedonia,0,Friendly 2026
31 Mar 2026,FT,Wales,1,Northern_Ireland,1,Friendly 2026
31 Mar 2026,FT,Austria,1,Korea_Republic,0,Friendly 2026
31 Mar 2026,FT,England,0,Japan,1,Friendly 2026
31 Mar 2026,FT,Netherlands,1,Ecuador,1,Friendly 2026
31 Mar 2026,FT,Kosovo,0,Türkiye,1,FIFA World Cup 26™ UEFA Qualifiers
31 Mar 2026,FT,Czechia,2,Denmark,2,FIFA World Cup 26™ UEFA Qualifiers
31 Mar 2026,FT,Sweden,3,Poland,2,FIFA World Cup 26™ UEFA Qualifiers
31 Mar 2026,FT,Bosnia_and_Herzegovina,1,Italy,1,FIFA World Cup 26™ UEFA Qualifiers
31 Mar 2026,FT,Algeria,0,Uruguay,0,Friendly 2026
31 Mar 2026,FT,Scotland,0,Côte_d_Ivoire,1,Friendly 2026
31 Mar 2026,FT,Peru,2,Honduras,2,Friendly 2026
31 Mar 2026,FT,Guinea,0,Benin,1,Friendly 2026
31 Mar 2026,FT,Morocco,2,Paraguay,1,Friendly 2026
31 Mar 2026,FT,South_Africa,1,Panama,2,Friendly 2026
31 Mar 2026,FT,Jordan,2,Nigeria,2,Friendly 2026
31 Mar 2026,FT,Haiti,1,Iceland,1,Friendly 2026
31 Mar 2026,FT,Hungary,0,Greece,0,Friendly 2026
31 Mar 2026,FT,Russia,0,Mali,0,Friendly 2026
31 Mar 2026,FT,Syria,5,Afghanistan,1,Asian Nations Cup 2027 Prel. Comp.
31 Mar 2026,FT,Norway,0,Switzerland,0,Friendly 2026
31 Mar 2026,FT,Serbia,2,Saudi_Arabia,1,Friendly 2026
31 Mar 2026,FT,Montenegro,2,Slovenia,3,Friendly 2026
31 Mar 2026,FT,San_Marino,0,Andorra,0,Friendly 2026
31 Mar 2026,FT,Luxembourg,3,Malta,0,UEFA Nations League 2024/25
31 Mar 2026,FT,Latvia,1,Gibraltar,0,UEFA Nations League 2024/25
31 Mar 2026,FT,Liberia,2,Libya,2,Friendly 2026
31 Mar 2026,FT,Niger,0,Togo,1,Friendly 2026
31 Mar 2026,FT,Mauritius,0,Somalia,0,CAN 2027 Prel. Comp.
31 Mar 2026,FT,Eswatini,1,Eritrea,2,CAN 2027 Prel. Comp.
31 Mar 2026,FT,Tajikistan,1,Philippines,1,Asian Nations Cup 2027 Prel. Comp.
31 Mar 2026,FT,India,2,Hong_Kong,1,Asian Nations Cup 2027 Prel. Comp.
31 Mar 2026,FT,Malawi,0,Botswana,1,Four Nations Tournament - Botswana 2026
31 Mar 2026,FT,IR_Iran,5,Costa_Rica,0,Friendly 2026
31 Mar 2026,FT,Ethiopia,1,São_Tomé_and_Príncipe,0,CAN 2027 Prel. Comp.
31 Mar 2026,FT,Burundi,4,Chad,0,CAN 2027 Prel. Comp.
31 Mar 2026,FT,Thailand,2,Turkmenistan,1,Asian Nations Cup 2027 Prel. Comp.
31 Mar 2026,FT,Bhutan,2,Brunei,1,Asian Nations Cup 2027 Prel. Comp.
31 Mar 2026,FT,Kazakhstan,1,Comoros,0,FIFA Series 2026™ Kazakhstan
31 Mar 2026,FT,Nepal,0,Laos,1,Asian Nations Cup 2027 Prel. Comp.
31 Mar 2026,FT,Vietnam,3,Malaysia,1,Asian Nations Cup 2027 Prel. Comp.
31 Mar 2026,FT,Singapore,1,Bangladesh,0,Asian Nations Cup 2027 Prel. Comp.
31 Mar 2026,FT,Chinese_Taipei,1,Sri_Lanka,3,Asian Nations Cup 2027 Prel. Comp.
31 Mar 2026,FT,Maldives,2,Timor-Leste,1,Asian Nations Cup 2027 Prel. Comp.
31 Mar 2026,FT,Australia,5,Curaçao,1,FIFA Series 2026™ Australia
31 Mar 2026,FT,Equatorial_Guinea,1,Madagascar,1,Friendly 2026
31 Mar 2026,FT,Pakistan,1,Myanmar,2,Asian Nations Cup 2027 Prel. Comp.
31 Mar 2026,FT,Cameroon,2,China_PR,0,FIFA Series 2026™ Australia
30 Mar 2026,FT,Guyana,3,Belize,1,CONCACAF Series 2025/26
30 Mar 2026,FT,Germany,2,Ghana,1,Friendly 2026
30 Mar 2026,FT,Rwanda,2,Estonia,0,FIFA Series 2026™ Rwanda
30 Mar 2026,FT,Cyprus,3,Moldova,2,Friendly 2026
30 Mar 2026,FT,Azerbaijan,1,Sierra_Leone,1,FIFA Series 2026™ Azerbaijan
30 Mar 2026,FT,Uzbekistan,0,Venezuela,0,FIFA Series 2026™ Uzbekistan
30 Mar 2026,FT,Grenada,0,Kenya,3,FIFA Series 2026™ Rwanda
30 Mar 2026,FT,Indonesia,0,Bulgaria,1,FIFA Series 2026™ Indonesia
30 Mar 2026,FT,Trinidad_and_Tobago,2,Gabon,2,FIFA Series 2026™ Uzbekistan
30 Mar 2026,FT,St._Kitts_and_Nevis,4,Solomon_Islands,2,FIFA Series 2026™ Indonesia
30 Mar 2026,FT,New_Zealand,4,Chile,1,FIFA Series 2026™ New Zealand
30 Mar 2026,FT,Cabo_Verde,1,Finland,1,FIFA Series 2026™ New Zealand
30 Mar 2026,FT,Cayman_Islands,1,Bahamas,0,CONCACAF Series 2025/26
29 Mar 2026,FT,Dominican_Republic,1,Cuba,1,CONCACAF Series 2025/26
29 Mar 2026,FT,British_Virgin_Islands,4,Anguilla,0,CONCACAF Series 2025/26
29 Mar 2026,FT,Barbados,2,St._Vincent_/_Grenadines,3,CONCACAF Series 2025/26
29 Mar 2026,FT,France,3,Colombia,1,Friendly 2026
29 Mar 2026,FT,Aruba,4,Liechtenstein,1,FIFA Series 2026™ Rwanda
29 Mar 2026,FT,Lesotho,2,Seychelles,1,CAN 2027 Prel. Comp.
29 Mar 2026,FT,Armenia,1,Belarus,2,Friendly 2026
29 Mar 2026,FT,Lithuania,0,Georgia,2,Friendly 2026
29 Mar 2026,FT,South_Sudan,0,Djibouti,1,CAN 2027 Prel. Comp.
29 Mar 2026,FT,Macau,0,Tanzania,6,FIFA Series 2026™ Rwanda
29 Mar 2026,FT,Mexico,0,Portugal,0,Friendly 2026
29 Mar 2026,FT,Haiti,0,Tunisia,1,Friendly 2026
29 Mar 2026,FT,US_Virgin_Islands,0,Puerto_Rico,2,FIFA Series 2026™ Puerto Rico
28 Mar 2026,FT,American_Samoa,0,Guam,6,FIFA Series 2026™ Puerto Rico
28 Mar 2026,FT,USA,2,Belgium,5,Friendly 2026
28 Mar 2026,FT,Burkina_Faso,5,Guinea-Bissau,0,Friendly 2026
28 Mar 2026,FT,Canada,2,Iceland,2,Friendly 2026
28 Mar 2026,FT,Hungary,1,Slovenia,0,Friendly 2026
28 Mar 2026,FT,Scotland,0,Japan,1,Friendly 2026
28 Mar 2026,FT,Botswana,0,Zimbabwe,3,Four Nations Tournament - Botswana 2026
28 Mar 2026,FT,Peru,0,Senegal,2,Friendly 2026
28 Mar 2026,FT,San_Marino,1,Faroe_Islands,2,Friendly 2026
28 Mar 2026,FT,Kyrgyz_Republic,2,Madagascar,5,Friendly 2026
28 Mar 2026,FT,Korea_Republic,0,Côte_d_Ivoire,4,Friendly 2026
28 Mar 2026,FT,Namibia,0,Comoros,0,FIFA Series 2026™ Kazakhstan
27 Mar 2026,FT,Argentina,2,Mauritania,1,Friendly 2026
27 Mar 2026,FT,Guyana,2,Dominica,0,CONCACAF Series 2025/26
27 Mar 2026,FT,Morocco,1,Ecuador,1,Friendly 2026
27 Mar 2026,FT,Spain,3,Serbia,0,Friendly 2026
27 Mar 2026,FT,England,1,Uruguay,1,Friendly 2026
27 Mar 2026,FT,Switzerland,3,Germany,4,Friendly 2026
27 Mar 2026,FT,Netherlands,2,Norway,1,Friendly 2026
27 Mar 2026,FT,Algeria,7,Guatemala,0,Friendly 2026
27 Mar 2026,FT,Greece,0,Paraguay,1,Friendly 2026
27 Mar 2026,FT,Rwanda,4,Grenada,0,FIFA Series 2026™ Rwanda
27 Mar 2026,FT,Libya,0,Niger,0,Friendly 2026
27 Mar 2026,FT,Saudi_Arabia,0,Egypt,4,Friendly 2026
27 Mar 2026,FT,Jordan,2,Costa_Rica,2,Friendly 2026
27 Mar 2026,FT,South_Africa,1,Panama,1,Friendly 2026
27 Mar 2026,FT,Montenegro,2,Andorra,0,Friendly 2026
27 Mar 2026,FT,Austria,5,Ghana,1,Friendly 2026
27 Mar 2026,FT,Russia,3,Nicaragua,1,Friendly 2026
27 Mar 2026,FT,São_Tomé_and_Príncipe,0,Ethiopia,3,CAN 2027 Prel. Comp.
27 Mar 2026,FT,Kenya,1,Estonia,1,FIFA Series 2026™ Rwanda
27 Mar 2026,FT,Azerbaijan,6,St._Lucia,1,FIFA Series 2026™ Azerbaijan
27 Mar 2026,FT,Benin,1,Liberia,0,Friendly 2026
27 Mar 2026,FT,Togo,2,Guinea,2,Friendly 2026
27 Mar 2026,FT,Uzbekistan,3,Gabon,1,FIFA Series 2026™ Uzbekistan
27 Mar 2026,FT,Somalia,0,Mauritius,0,CAN 2027 Prel. Comp.
27 Mar 2026,FT,Chad,0,Burundi,4,CAN 2027 Prel. Comp.
27 Mar 2026,FT,Indonesia,4,St._Kitts_and_Nevis,0,FIFA Series 2026™ Indonesia
27 Mar 2026,FT,IR_Iran,1,Nigeria,2,Friendly 2026
27 Mar 2026,FT,Venezuela,4,Trinidad_and_Tobago,1,FIFA Series 2026™ Uzbekistan
27 Mar 2026,FT,Australia,1,Cameroon,0,FIFA Series 2026™ Australia
27 Mar 2026,FT,Solomon_Islands,2,Bulgaria,10,FIFA Series 2026™ Indonesia
27 Mar 2026,FT,New_Zealand,0,Finland,2,FIFA Series 2026™ New Zealand
27 Mar 2026,FT,China_PR,2,Curaçao,0,FIFA Series 2026™ Australia
27 Mar 2026,FT,Chile,4,Cabo_Verde,2,FIFA Series 2026™ New Zealand
27 Mar 2026,FT,New_Caledonia,0,Jamaica,1,FIFA World Cup 2026™ Play-Off Tournament
27 Mar 2026,FT,Cayman_Islands,1,British_Virgin_Islands,1,CONCACAF Series 2025/26
27 Mar 2026,FT,Dominican_Republic,2,El_Salvador,2,CONCACAF Series 2025/26
26 Mar 2026,FT,Colombia,1,Croatia,2,Friendly 2026
26 Mar 2026,FT,Bolivia,2,Suriname,1,FIFA World Cup 2026™ Play-Off Tournament
26 Mar 2026,FT,Bahamas,1,Anguilla,3,CONCACAF Series 2025/26
26 Mar 2026,FT,Brazil,1,France,2,Friendly 2026
26 Mar 2026,FT,Denmark,4,North_Macedonia,0,FIFA World Cup 26™ UEFA Qualifiers
26 Mar 2026,FT,Poland,2,Albania,1,FIFA World Cup 26™ UEFA Qualifiers
26 Mar 2026,FT,Italy,2,Northern_Ireland,0,FIFA World Cup 26™ UEFA Qualifiers
26 Mar 2026,FT,Ukraine,1,Sweden,3,FIFA World Cup 26™ UEFA Qualifiers
26 Mar 2026,FT,Slovakia,3,Kosovo,4,FIFA World Cup 26™ UEFA Qualifiers
26 Mar 2026,FT,Wales,1,Bosnia_and_Herzegovina,1,FIFA World Cup 26™ UEFA Qualifiers
26 Mar 2026,FT,Czechia,2,Republic_of_Ireland,2,FIFA World Cup 26™ UEFA Qualifiers
26 Mar 2026,FT,Georgia,2,Israel,2,Friendly 2026
26 Mar 2026,FT,Cyprus,0,Belarus,1,Friendly 2026
26 Mar 2026,FT,Gibraltar,0,Latvia,1,UEFA Nations League 2024/25
26 Mar 2026,FT,Malta,0,Luxembourg,2,UEFA Nations League 2024/25
26 Mar 2026,FT,Türkiye,1,Romania,0,FIFA World Cup 26™ UEFA Qualifiers
26 Mar 2026,FT,Moldova,0,Lithuania,2,Friendly 2026
26 Mar 2026,FT,Tanzania,0,Liechtenstein,1,FIFA Series 2026™ Rwanda
26 Mar 2026,FT,Seychelles,0,Lesotho,0,CAN 2027 Prel. Comp.
26 Mar 2026,FT,Djibouti,0,South_Sudan,4,CAN 2027 Prel. Comp.
26 Mar 2026,FT,Vietnam,3,Bangladesh,0,Friendly 2026
26 Mar 2026,FT,Aruba,4,Macau,1,FIFA Series 2026™ Rwanda
26 Mar 2026,FT,Afghanistan,1,Myanmar,2,Asian Nations Cup 2027 Prel. Comp.
26 Mar 2026,FT,Puerto_Rico,4,Guam,0,FIFA Series 2026™ Puerto Rico
25 Mar 2026,FT,US_Virgin_Islands,5,American_Samoa,2,FIFA Series 2026™ Puerto Rico
25 Mar 2026,FT,Eritrea,2,Eswatini,0,CAN 2027 Prel. Comp.
25 Mar 2026,FT,Kyrgyz_Republic,0,Equatorial_Guinea,1,Friendly 2026
25 Mar 2026,FT,Kazakhstan,2,Namibia,0,FIFA Series 2026™ Kazakhstan
15 Mar 2026,FT,Bolivia,3,Trinidad_and_Tobago,0,Friendly 2026
26 Feb 2026,FT,Mexico,4,Iceland,0,Friendly 2026
25 Jan 2026,FT,Bolivia,0,Mexico,1,Friendly 2026
23 Jan 2026,FT,Panama,0,Mexico,1,Friendly 2026
18 Jan 2026,FT,Bolivia,1,Panama,1,Friendly 2026
18 Jan 2026,FT,Senegal,0,Morocco,3,Africa Cup of Nations 2025
17 Jan 2026,FT,Egypt,0,Nigeria,0,Africa Cup of Nations 2025
14 Jan 2026,FT,Nigeria,0,Morocco,0,Africa Cup of Nations 2025
14 Jan 2026,FT,Senegal,1,Egypt,0,Africa Cup of Nations 2025
10 Jan 2026,FT,Egypt,3,Côte_d_Ivoire,2,Africa Cup of Nations 2025
10 Jan 2026,FT,Algeria,0,Nigeria,2,Africa Cup of Nations 2025
09 Jan 2026,FT,Cameroon,0,Morocco,2,Africa Cup of Nations 2025
09 Jan 2026,FT,Mali,0,Senegal,1,Africa Cup of Nations 2025
06 Jan 2026,FT,Côte_d_Ivoire,3,Burkina_Faso,0,Africa Cup of Nations 2025
06 Jan 2026,FT,Algeria,1,Congo_DR,0,Africa Cup of Nations 2025
05 Jan 2026,FT,Nigeria,4,Mozambique,0,Africa Cup of Nations 2025
05 Jan 2026,FT,Egypt,3,Benin,1,Africa Cup of Nations 2025
04 Jan 2026,FT,South_Africa,1,Cameroon,2,Africa Cup of Nations 2025
04 Jan 2026,FT,Morocco,1,Tanzania,0,Africa Cup of Nations 2025
03 Jan 2026,FT,Mali,1,Tunisia,1,Africa Cup of Nations 2025
03 Jan 2026,FT,Senegal,3,Sudan,1,Africa Cup of Nations 2025
31 Dec 2025,FT,Gabon,2,Côte_d_Ivoire,3,Africa Cup of Nations 2025
31 Dec 2025,FT,Mozambique,1,Cameroon,2,Africa Cup of Nations 2025
31 Dec 2025,FT,Sudan,0,Burkina_Faso,2,Africa Cup of Nations 2025
31 Dec 2025,FT,Equatorial_Guinea,1,Algeria,3,Africa Cup of Nations 2025
30 Dec 2025,FT,Benin,0,Senegal,3,Africa Cup of Nations 2025
30 Dec 2025,FT,Botswana,0,Congo_DR,3,Africa Cup of Nations 2025
30 Dec 2025,FT,Tanzania,1,Tunisia,1,Africa Cup of Nations 2025
30 Dec 2025,FT,Uganda,1,Nigeria,3,Africa Cup of Nations 2025
29 Dec 2025,FT,Comoros,0,Mali,0,Africa Cup of Nations 2025
29 Dec 2025,FT,Zambia,0,Morocco,3,Africa Cup of Nations 2025
29 Dec 2025,FT,Zimbabwe,2,South_Africa,3,Africa Cup of Nations 2025
29 Dec 2025,FT,Angola,0,Egypt,0,Africa Cup of Nations 2025
28 Dec 2025,FT,Côte_d_Ivoire,1,Cameroon,1,Africa Cup of Nations 2025
28 Dec 2025,FT,Algeria,1,Burkina_Faso,0,Africa Cup of Nations 2025
28 Dec 2025,FT,Equatorial_Guinea,0,Sudan,1,Africa Cup of Nations 2025
28 Dec 2025,FT,Gabon,2,Mozambique,3,Africa Cup of Nations 2025
27 Dec 2025,FT,Nigeria,3,Tunisia,2,Africa Cup of Nations 2025
27 Dec 2025,FT,Uganda,1,Tanzania,1,Africa Cup of Nations 2025
27 Dec 2025,FT,Senegal,1,Congo_DR,1,Africa Cup of Nations 2025
27 Dec 2025,FT,Benin,1,Botswana,0,Africa Cup of Nations 2025
26 Dec 2025,FT,Morocco,1,Mali,1,Africa Cup of Nations 2025
26 Dec 2025,FT,Zambia,0,Comoros,0,Africa Cup of Nations 2025
26 Dec 2025,FT,Egypt,1,South_Africa,0,Africa Cup of Nations 2025
26 Dec 2025,FT,Angola,1,Zimbabwe,1,Africa Cup of Nations 2025
24 Dec 2025,FT,Cameroon,1,Gabon,0,Africa Cup of Nations 2025
24 Dec 2025,FT,Côte_d_Ivoire,1,Mozambique,0,Africa Cup of Nations 2025
24 Dec 2025,FT,Algeria,3,Sudan,0,Africa Cup of Nations 2025
24 Dec 2025,FT,Burkina_Faso,2,Equatorial_Guinea,1,Africa Cup of Nations 2025
23 Dec 2025,FT,Tunisia,3,Uganda,1,Africa Cup of Nations 2025
23 Dec 2025,FT,Nigeria,2,Tanzania,1,Africa Cup of Nations 2025
23 Dec 2025,FT,Senegal,3,Botswana,0,Africa Cup of Nations 2025
23 Dec 2025,FT,Congo_DR,1,Benin,0,Africa Cup of Nations 2025
22 Dec 2025,FT,Egypt,2,Zimbabwe,1,Africa Cup of Nations 2025
22 Dec 2025,FT,South_Africa,2,Angola,1,Africa Cup of Nations 2025
22 Dec 2025,FT,Mali,1,Zambia,1,Africa Cup of Nations 2025
21 Dec 2025,FT,Morocco,2,Comoros,0,Africa Cup of Nations 2025
18 Dec 2025,FT,Jordan,2,Morocco,3,FIFA Arab Cup Qatar 2025™
16 Dec 2025,FT,Congo_DR,2,Zambia,0,Friendly 2025
15 Dec 2025,FT,Saudi_Arabia,0,Jordan,1,FIFA Arab Cup Qatar 2025™
15 Dec 2025,FT,Morocco,3,United_Arab_Emirates,0,FIFA Arab Cup Qatar 2025™
12 Dec 2025,FT,Algeria,1,United_Arab_Emirates,1,FIFA Arab Cup Qatar 2025™
12 Dec 2025,FT,Jordan,1,Iraq,0,FIFA Arab Cup Qatar 2025™
11 Dec 2025,FT,Palestine,1,Saudi_Arabia,2,FIFA Arab Cup Qatar 2025™
11 Dec 2025,FT,Morocco,1,Syria,0,FIFA Arab Cup Qatar 2025™
09 Dec 2025,FT,Bahrain,3,Sudan,1,FIFA Arab Cup Qatar 2025™
09 Dec 2025,FT,Algeria,2,Iraq,0,FIFA Arab Cup Qatar 2025™
09 Dec 2025,FT,United_Arab_Emirates,3,Kuwait,1,FIFA Arab Cup Qatar 2025™
09 Dec 2025,FT,Egypt,0,Jordan,3,FIFA Arab Cup Qatar 2025™
08 Dec 2025,FT,Oman,2,Comoros,1,FIFA Arab Cup Qatar 2025™
08 Dec 2025,FT,Morocco,1,Saudi_Arabia,0,FIFA Arab Cup Qatar 2025™
07 Dec 2025,FT,Syria,0,Palestine,0,FIFA Arab Cup Qatar 2025™
07 Dec 2025,FT,Qatar,0,Tunisia,3,FIFA Arab Cup Qatar 2025™
06 Dec 2025,FT,United_Arab_Emirates,1,Egypt,1,FIFA Arab Cup Qatar 2025™
06 Dec 2025,FT,Sudan,0,Iraq,2,FIFA Arab Cup Qatar 2025™
06 Dec 2025,FT,Bahrain,1,Algeria,5,FIFA Arab Cup Qatar 2025™
06 Dec 2025,FT,Kuwait,1,Jordan,3,FIFA Arab Cup Qatar 2025™
05 Dec 2025,FT,Comoros,1,Saudi_Arabia,3,FIFA Arab Cup Qatar 2025™
05 Dec 2025,FT,Oman,0,Morocco,0,FIFA Arab Cup Qatar 2025™
04 Dec 2025,FT,Syria,1,Qatar,1,FIFA Arab Cup Qatar 2025™
04 Dec 2025,FT,Palestine,2,Tunisia,2,FIFA Arab Cup Qatar 2025™
03 Dec 2025,FT,Jordan,2,United_Arab_Emirates,1,FIFA Arab Cup Qatar 2025™
03 Dec 2025,FT,Iraq,2,Bahrain,1,FIFA Arab Cup Qatar 2025™
03 Dec 2025,FT,Algeria,0,Sudan,0,FIFA Arab Cup Qatar 2025™
02 Dec 2025,FT,Saudi_Arabia,2,Oman,1,FIFA Arab Cup Qatar 2025™
02 Dec 2025,FT,Egypt,1,Kuwait,1,FIFA Arab Cup Qatar 2025™
02 Dec 2025,FT,Morocco,3,Comoros,1,FIFA Arab Cup Qatar 2025™
01 Dec 2025,FT,Qatar,0,Palestine,1,FIFA Arab Cup Qatar 2025™
01 Dec 2025,FT,Tunisia,0,Syria,1,FIFA Arab Cup Qatar 2025™
26 Nov 2025,FT,Comoros,4,Yemen,4,FIFA Arab Cup Qatar 2025™
26 Nov 2025,FT,Sudan,2,Lebanon,1,FIFA Arab Cup Qatar 2025™
26 Nov 2025,FT,Bahrain,1,Djibouti,0,FIFA Arab Cup Qatar 2025™
26 Nov 2025,FT,Oman,0,Somalia,0,FIFA Arab Cup Qatar 2025™
25 Nov 2025,FT,Syria,2,South_Sudan,0,FIFA Arab Cup Qatar 2025™
25 Nov 2025,FT,Palestine,0,Libya,0,FIFA Arab Cup Qatar 2025™
25 Nov 2025,FT,Mauritania,0,Kuwait,2,FIFA Arab Cup Qatar 2025™
19 Nov 2025,FT,Laos,0,Vietnam,2,Asian Nations Cup 2027 Prel. Comp.
19 Nov 2025,FT,Ecuador,2,New_Zealand,0,Friendly 2025
19 Nov 2025,FT,Colombia,3,Australia,0,Friendly 2025
19 Nov 2025,FT,Mexico,1,Paraguay,2,Friendly 2025
19 Nov 2025,FT,Canada,2,Venezuela,0,Friendly 2025
19 Nov 2025,FT,Haiti,2,Nicaragua,0,FIFA World Cup 26™ Concacaf Qualifiers
19 Nov 2025,FT,Costa_Rica,0,Honduras,0,FIFA World Cup 26™ Concacaf Qualifiers
19 Nov 2025,FT,Trinidad_and_Tobago,2,Bermuda,2,FIFA World Cup 26™ Concacaf Qualifiers
19 Nov 2025,FT,Jamaica,0,Curaçao,0,FIFA World Cup 26™ Concacaf Qualifiers
19 Nov 2025,FT,Guatemala,3,Suriname,1,FIFA World Cup 26™ Concacaf Qualifiers
19 Nov 2025,FT,Panama,3,El_Salvador,0,FIFA World Cup 26™ Concacaf Qualifiers
19 Nov 2025,FT,USA,5,Uruguay,1,Friendly 2025
18 Nov 2025,FT,Antigua_and_Barbuda,1,Guyana,4,CONCACAF Series 2025/26
18 Nov 2025,FT,St._Kitts_and_Nevis,2,Belize,6,CONCACAF Series 2025/26
18 Nov 2025,FT,Wales,7,North_Macedonia,1,FIFA World Cup 26™ UEFA Qualifiers
18 Nov 2025,FT,Belgium,7,Liechtenstein,0,FIFA World Cup 26™ UEFA Qualifiers
18 Nov 2025,FT,Romania,7,San_Marino,1,FIFA World Cup 26™ UEFA Qualifiers
18 Nov 2025,FT,Austria,1,Bosnia_and_Herzegovina,1,FIFA World Cup 26™ UEFA Qualifiers
18 Nov 2025,FT,Spain,2,Türkiye,2,FIFA World Cup 26™ UEFA Qualifiers
18 Nov 2025,FT,Bulgaria,2,Georgia,1,FIFA World Cup 26™ UEFA Qualifiers
18 Nov 2025,FT,Scotland,4,Denmark,2,FIFA World Cup 26™ UEFA Qualifiers
18 Nov 2025,FT,Belarus,0,Greece,0,FIFA World Cup 26™ UEFA Qualifiers
18 Nov 2025,FT,Sweden,1,Slovenia,1,FIFA World Cup 26™ UEFA Qualifiers
18 Nov 2025,FT,Kosovo,1,Switzerland,1,FIFA World Cup 26™ UEFA Qualifiers
18 Nov 2025,FT,Brazil,1,Tunisia,1,Friendly 2025
18 Nov 2025,FT,Morocco,4,Uganda,0,Friendly 2025
18 Nov 2025,FT,Jordan,0,Mali,0,Friendly 2025
18 Nov 2025,FT,Chile,2,Peru,1,Friendly 2025
18 Nov 2025,FT,Faroe_Islands,1,Kazakhstan,0,Friendly 2025
18 Nov 2025,FT,Cyprus,2,Estonia,4,Friendly 2025
18 Nov 2025,FT,Saudi_Arabia,0,Algeria,2,Friendly 2025
18 Nov 2025,FT,Kuwait,2,The_Gambia,2,Friendly 2025
18 Nov 2025,FT,Angola,3,Zambia,2,Friendly 2025
18 Nov 2025,FT,Benin,0,Burkina_Faso,3,Friendly 2025
18 Nov 2025,FT,IR_Iran,0,Uzbekistan,0,Al Ain International Cup 2025
18 Nov 2025,FT,Iraq,2,United_Arab_Emirates,1,FIFA World Cup 26™ AFC Qualifiers
18 Nov 2025,FT,Guinea,1,Niger,1,Friendly 2025
18 Nov 2025,FT,Oman,0,Côte_d_Ivoire,2,Friendly 2025
18 Nov 2025,FT,Senegal,8,Kenya,0,Friendly 2025
18 Nov 2025,FT,Yemen,7,Bhutan,1,Asian Nations Cup 2027 Prel. Comp.
18 Nov 2025,FT,Lesotho,0,Malawi,1,Friendly 2025
18 Nov 2025,FT,Bangladesh,1,India,0,Asian Nations Cup 2027 Prel. Comp.
18 Nov 2025,FT,Turkmenistan,3,Chinese_Taipei,1,Asian Nations Cup 2027 Prel. Comp.
18 Nov 2025,FT,Nepal,0,Malaysia,1,Asian Nations Cup 2027 Prel. Comp.
18 Nov 2025,FT,Brunei,0,Lebanon,3,Asian Nations Cup 2027 Prel. Comp.
18 Nov 2025,FT,Hong_Kong,1,Singapore,2,Asian Nations Cup 2027 Prel. Comp.
18 Nov 2025,FT,Korea_Republic,1,Ghana,0,Friendly 2025
18 Nov 2025,FT,Maldives,0,Philippines,2,Asian Nations Cup 2027 Prel. Comp.
18 Nov 2025,FT,Sri_Lanka,0,Thailand,4,Asian Nations Cup 2027 Prel. Comp.
18 Nov 2025,FT,Japan,3,Bolivia,0,Friendly 2025
18 Nov 2025,FT,Pakistan,0,Syria,5,Asian Nations Cup 2027 Prel. Comp.
18 Nov 2025,FT,Timor-Leste,0,Tajikistan,5,Asian Nations Cup 2027 Prel. Comp.
17 Nov 2025,FT,Montenegro,2,Croatia,3,FIFA World Cup 26™ UEFA Qualifiers
17 Nov 2025,FT,Czechia,6,Gibraltar,0,FIFA World Cup 26™ UEFA Qualifiers
17 Nov 2025,FT,Netherlands,4,Lithuania,0,FIFA World Cup 26™ UEFA Qualifiers
17 Nov 2025,FT,Malta,2,Poland,3,FIFA World Cup 26™ UEFA Qualifiers
17 Nov 2025,FT,Germany,6,Slovakia,0,FIFA World Cup 26™ UEFA Qualifiers
17 Nov 2025,FT,Northern_Ireland,1,Luxembourg,0,FIFA World Cup 26™ UEFA Qualifiers
17 Nov 2025,FT,Finland,4,Andorra,0,Friendly 2025
17 Nov 2025,FT,Cabo_Verde,1,Egypt,1,Al Ain International Cup 2025
17 Nov 2025,FT,Comoros,4,Namibia,0,Friendly 2025
17 Nov 2025,FT,Bahrain,1,Somalia,2,Friendly 2025
17 Nov 2025,FT,Chad,2,Mozambique,2,Friendly 2025
17 Nov 2025,FT,Equatorial_Guinea,0,Madagascar,2,Friendly 2025
17 Nov 2025,FT,Vanuatu,2,Fiji,0,MSG Prime Minister's Cup 2025
16 Nov 2025,FT,Italy,1,Norway,4,FIFA World Cup 26™ UEFA Qualifiers
16 Nov 2025,FT,Israel,4,Moldova,1,FIFA World Cup 26™ UEFA Qualifiers
16 Nov 2025,FT,Nigeria,1,Congo_DR,1,FIFA World Cup 26™ CAF Qualifiers
16 Nov 2025,FT,Serbia,2,Latvia,1,FIFA World Cup 26™ UEFA Qualifiers
16 Nov 2025,FT,Albania,0,England,2,FIFA World Cup 26™ UEFA Qualifiers
16 Nov 2025,FT,Ukraine,2,Iceland,0,FIFA World Cup 26™ UEFA Qualifiers
16 Nov 2025,FT,Azerbaijan,1,France,3,FIFA World Cup 26™ UEFA Qualifiers
16 Nov 2025,FT,Portugal,9,Armenia,1,FIFA World Cup 26™ UEFA Qualifiers
16 Nov 2025,FT,Hungary,2,Republic_of_Ireland,3,FIFA World Cup 26™ UEFA Qualifiers
16 Nov 2025,FT,Mexico,0,Uruguay,0,Friendly 2025
16 Nov 2025,FT,Colombia,2,New_Zealand,1,Friendly 2025
16 Nov 2025,FT,St._Vincent_/_Grenadines,3,St._Lucia,1,CONCACAF Series 2025/26
16 Nov 2025,FT,Cayman_Islands,4,Anguilla,0,CONCACAF Series 2025/26
15 Nov 2025,FT,USA,2,Paraguay,1,Friendly 2025
15 Nov 2025,FT,Bahamas,0,British_Virgin_Islands,6,CONCACAF Series 2025/26
15 Nov 2025,FT,Barbados,0,Aruba,3,CONCACAF Series 2025/26
15 Nov 2025,FT,Bosnia_and_Herzegovina,3,Romania,1,FIFA World Cup 26™ UEFA Qualifiers
15 Nov 2025,FT,Denmark,2,Belarus,2,FIFA World Cup 26™ UEFA Qualifiers
15 Nov 2025,FT,Greece,3,Scotland,2,FIFA World Cup 26™ UEFA Qualifiers
15 Nov 2025,FT,Switzerland,4,Sweden,1,FIFA World Cup 26™ UEFA Qualifiers
15 Nov 2025,FT,Slovenia,0,Kosovo,2,FIFA World Cup 26™ UEFA Qualifiers
15 Nov 2025,FT,Liechtenstein,0,Wales,1,FIFA World Cup 26™ UEFA Qualifiers
15 Nov 2025,FT,Cyprus,0,Austria,2,FIFA World Cup 26™ UEFA Qualifiers
15 Nov 2025,FT,Türkiye,2,Bulgaria,0,FIFA World Cup 26™ UEFA Qualifiers
15 Nov 2025,FT,Georgia,0,Spain,4,FIFA World Cup 26™ UEFA Qualifiers
15 Nov 2025,FT,Kuwait,4,Tanzania,3,Friendly 2025
15 Nov 2025,FT,Brazil,2,Senegal,0,Friendly 2025
15 Nov 2025,FT,Guinea,2,Liberia,0,Friendly 2025
15 Nov 2025,FT,Russia,0,Chile,2,Friendly 2025
15 Nov 2025,FT,Lesotho,0,Malawi,0,Friendly 2025
15 Nov 2025,FT,Libya,1,Mauritania,0,Friendly 2025
15 Nov 2025,FT,Kazakhstan,1,Belgium,1,FIFA World Cup 26™ UEFA Qualifiers
15 Nov 2025,FT,South_Africa,3,Zambia,1,Friendly 2025
15 Nov 2025,FT,Venezuela,1,Australia,0,Friendly 2025
15 Nov 2025,FT,Grenada,4,US_Virgin_Islands,1,Friendly 2025
14 Nov 2025,FT,Croatia,3,Faroe_Islands,1,FIFA World Cup 26™ UEFA Qualifiers
14 Nov 2025,FT,Gibraltar,1,Montenegro,2,FIFA World Cup 26™ UEFA Qualifiers
14 Nov 2025,FT,Poland,1,Netherlands,1,FIFA World Cup 26™ UEFA Qualifiers
14 Nov 2025,FT,Slovakia,1,Northern_Ireland,0,FIFA World Cup 26™ UEFA Qualifiers
14 Nov 2025,FT,Luxembourg,0,Germany,2,FIFA World Cup 26™ UEFA Qualifiers
14 Nov 2025,FT,Burkina_Faso,3,Niger,2,Friendly 2025
14 Nov 2025,FT,Morocco,1,Mozambique,0,Friendly 2025
14 Nov 2025,FT,Finland,0,Malta,1,FIFA World Cup 26™ UEFA Qualifiers
14 Nov 2025,FT,Tunisia,3,Jordan,2,Friendly 2025
14 Nov 2025,FT,Saudi_Arabia,1,Côte_d_Ivoire,0,Friendly 2025
14 Nov 2025,FT,Comoros,1,Namibia,0,Friendly 2025
14 Nov 2025,FT,Egypt,0,Uzbekistan,2,Al Ain International Cup 2025
14 Nov 2025,FT,Angola,0,Argentina,2,Friendly 2025
14 Nov 2025,FT,Oman,2,Sudan,0,Friendly 2025
14 Nov 2025,FT,Uganda,2,Chad,1,Friendly 2025
14 Nov 2025,FT,Equatorial_Guinea,1,Kenya,0,Friendly 2025
14 Nov 2025,FT,Korea_Republic,2,Bolivia,0,Friendly 2025
14 Nov 2025,FT,Japan,2,Ghana,0,Friendly 2025
14 Nov 2025,FT,Nicaragua,2,Honduras,0,FIFA World Cup 26™ Concacaf Qualifiers
14 Nov 2025,FT,Haiti,1,Costa_Rica,0,FIFA World Cup 26™ Concacaf Qualifiers
14 Nov 2025,FT,Guatemala,2,Panama,3,FIFA World Cup 26™ Concacaf Qualifiers
14 Nov 2025,FT,Canada,0,Ecuador,0,Friendly 2025
14 Nov 2025,FT,Bermuda,0,Curaçao,7,FIFA World Cup 26™ Concacaf Qualifiers
14 Nov 2025,FT,Trinidad_and_Tobago,1,Jamaica,1,FIFA World Cup 26™ Concacaf Qualifiers
13 Nov 2025,FT,Suriname,4,El_Salvador,0,FIFA World Cup 26™ Concacaf Qualifiers
13 Nov 2025,FT,England,2,Serbia,0,FIFA World Cup 26™ UEFA Qualifiers
13 Nov 2025,FT,Andorra,0,Albania,1,FIFA World Cup 26™ UEFA Qualifiers
13 Nov 2025,FT,Moldova,0,Italy,2,FIFA World Cup 26™ UEFA Qualifiers
13 Nov 2025,FT,Republic_of_Ireland,2,Portugal,0,FIFA World Cup 26™ UEFA Qualifiers
13 Nov 2025,FT,France,4,Ukraine,0,FIFA World Cup 26™ UEFA Qualifiers
13 Nov 2025,FT,Cameroon,0,Congo_DR,1,FIFA World Cup 26™ CAF Qualifiers
13 Nov 2025,FT,Czechia,1,San_Marino,0,Friendly 2025
13 Nov 2025,FT,North_Macedonia,0,Latvia,0,Friendly 2025
13 Nov 2025,FT,Lithuania,0,Israel,0,Friendly 2025
13 Nov 2025,FT,Norway,4,Estonia,1,FIFA World Cup 26™ UEFA Qualifiers
13 Nov 2025,FT,Armenia,0,Hungary,1,FIFA World Cup 26™ UEFA Qualifiers
13 Nov 2025,FT,Azerbaijan,0,Iceland,2,FIFA World Cup 26™ UEFA Qualifiers
13 Nov 2025,FT,Algeria,3,Zimbabwe,1,Friendly 2025
13 Nov 2025,FT,IR_Iran,0,Cabo_Verde,0,Al Ain International Cup 2025
13 Nov 2025,FT,Nigeria,4,Gabon,1,FIFA World Cup 26™ CAF Qualifiers
13 Nov 2025,FT,United_Arab_Emirates,1,Iraq,1,FIFA World Cup 26™ AFC Qualifiers
13 Nov 2025,FT,Bangladesh,2,Nepal,2,Friendly 2025
13 Nov 2025,FT,Thailand,3,Singapore,2,Friendly 2025
13 Nov 2025,FT,Hong_Kong,1,Cambodia,1,Friendly 2025
13 Nov 2025,FT,Papua_New_Guinea,1,Solomon_Islands,0,MSG Prime Minister's Cup 2025
13 Nov 2025,FT,Dominican_Republic,2,St._Vincent_/_Grenadines,0,CONCACAF Series 2025/26
13 Nov 2025,FT,Cayman_Islands,1,British_Virgin_Islands,2,CONCACAF Series 2025/26
12 Nov 2025,FT,Antigua_and_Barbuda,0,Aruba,0,CONCACAF Series 2025/26
12 Nov 2025,FT,Bahamas,1,Anguilla,2,CONCACAF Series 2025/26
12 Nov 2025,FT,Cuba,3,St._Lucia,0,CONCACAF Series 2025/26
12 Nov 2025,FT,Russia,1,Peru,1,Friendly 2025
15 Oct 2025,FT,Mexico,1,Ecuador,1,Friendly 2025
15 Oct 2025,FT,El_Salvador,0,Guatemala,1,FIFA World Cup 26™ Concacaf Qualifiers
15 Oct 2025,FT,Colombia,0,Canada,0,Friendly 2025
15 Oct 2025,FT,USA,2,Australia,1,Friendly 2025
15 Oct 2025,FT,Panama,1,Suriname,1,FIFA World Cup 26™ Concacaf Qualifiers
15 Oct 2025,FT,Argentina,6,Puerto_Rico,0,Friendly 2025
15 Oct 2025,FT,Jamaica,4,Bermuda,0,FIFA World Cup 26™ Concacaf Qualifiers
14 Oct 2025,FT,Curaçao,1,Trinidad_and_Tobago,1,FIFA World Cup 26™ Concacaf Qualifiers
14 Oct 2025,FT,Congo_DR,1,Sudan,0,FIFA World Cup 26™ CAF Qualifiers
14 Oct 2025,FT,Senegal,4,Mauritania,0,FIFA World Cup 26™ CAF Qualifiers
14 Oct 2025,FT,Gabon,2,Burundi,0,FIFA World Cup 26™ CAF Qualifiers
14 Oct 2025,FT,Côte_d_Ivoire,3,Kenya,0,FIFA World Cup 26™ CAF Qualifiers
14 Oct 2025,FT,Morocco,1,Congo,0,FIFA World Cup 26™ CAF Qualifiers
14 Oct 2025,FT,Saudi_Arabia,0,Iraq,0,FIFA World Cup 26™ AFC Qualifiers
14 Oct 2025,FT,Latvia,0,England,5,FIFA World Cup 26™ UEFA Qualifiers
14 Oct 2025,FT,Andorra,1,Serbia,3,FIFA World Cup 26™ UEFA Qualifiers
14 Oct 2025,FT,Italy,3,Israel,0,FIFA World Cup 26™ UEFA Qualifiers
14 Oct 2025,FT,Portugal,2,Hungary,2,FIFA World Cup 26™ UEFA Qualifiers
14 Oct 2025,FT,Republic_of_Ireland,1,Armenia,0,FIFA World Cup 26™ UEFA Qualifiers
14 Oct 2025,FT,Spain,4,Bulgaria,0,FIFA World Cup 26™ UEFA Qualifiers
14 Oct 2025,FT,Türkiye,4,Georgia,1,FIFA World Cup 26™ UEFA Qualifiers
14 Oct 2025,FT,Albania,4,Jordan,2,Friendly 2025
14 Oct 2025,FT,Russia,3,Bolivia,0,Friendly 2025
14 Oct 2025,FT,Qatar,2,United_Arab_Emirates,1,FIFA World Cup 26™ AFC Qualifiers
14 Oct 2025,FT,Yemen,9,Brunei,0,Asian Nations Cup 2027 Prel. Comp.
14 Oct 2025,FT,Norway,1,New_Zealand,1,Friendly 2025
14 Oct 2025,FT,Estonia,1,Moldova,1,FIFA World Cup 26™ UEFA Qualifiers
14 Oct 2025,FT,Somalia,0,Mozambique,1,FIFA World Cup 26™ CAF Qualifiers
14 Oct 2025,FT,Algeria,2,Uganda,1,FIFA World Cup 26™ CAF Qualifiers
14 Oct 2025,FT,Guinea,2,Botswana,2,FIFA World Cup 26™ CAF Qualifiers
14 Oct 2025,FT,Nigeria,4,Benin,0,FIFA World Cup 26™ CAF Qualifiers
14 Oct 2025,FT,South_Africa,3,Rwanda,0,FIFA World Cup 26™ CAF Qualifiers
14 Oct 2025,FT,Bhutan,0,Lebanon,4,Asian Nations Cup 2027 Prel. Comp.
14 Oct 2025,FT,IR_Iran,2,Tanzania,0,Friendly 2025
14 Oct 2025,FT,Afghanistan,1,Pakistan,1,Asian Nations Cup 2027 Prel. Comp.
14 Oct 2025,FT,India,1,Singapore,2,Asian Nations Cup 2027 Prel. Comp.
14 Oct 2025,FT,Turkmenistan,2,Sri_Lanka,1,Asian Nations Cup 2027 Prel. Comp.
14 Oct 2025,FT,Seychelles,0,The_Gambia,7,FIFA World Cup 26™ CAF Qualifiers
14 Oct 2025,FT,Malaysia,5,Laos,1,Asian Nations Cup 2027 Prel. Comp.
14 Oct 2025,FT,Nepal,0,Vietnam,1,Asian Nations Cup 2027 Prel. Comp.
14 Oct 2025,FT,Hong_Kong,1,Bangladesh,1,Asian Nations Cup 2027 Prel. Comp.
14 Oct 2025,FT,Korea_Republic,2,Paraguay,0,Friendly 2025
14 Oct 2025,FT,Philippines,3,Timor-Leste,1,Asian Nations Cup 2027 Prel. Comp.
14 Oct 2025,FT,Japan,3,Brazil,2,Friendly 2025
14 Oct 2025,FT,Myanmar,0,Syria,3,Asian Nations Cup 2027 Prel. Comp.
14 Oct 2025,FT,Maldives,0,Tajikistan,3,Asian Nations Cup 2027 Prel. Comp.
14 Oct 2025,FT,Chinese_Taipei,1,Thailand,6,Asian Nations Cup 2027 Prel. Comp.
14 Oct 2025,FT,Costa_Rica,4,Nicaragua,1,FIFA World Cup 26™ Concacaf Qualifiers
14 Oct 2025,FT,Honduras,3,Haiti,0,FIFA World Cup 26™ Concacaf Qualifiers
13 Oct 2025,FT,Wales,2,Belgium,4,FIFA World Cup 26™ UEFA Qualifiers
13 Oct 2025,FT,North_Macedonia,1,Kazakhstan,1,FIFA World Cup 26™ UEFA Qualifiers
13 Oct 2025,FT,Ukraine,2,Azerbaijan,1,FIFA World Cup 26™ UEFA Qualifiers
13 Oct 2025,FT,Iceland,2,France,2,FIFA World Cup 26™ UEFA Qualifiers
13 Oct 2025,FT,Sweden,0,Kosovo,1,FIFA World Cup 26™ UEFA Qualifiers
13 Oct 2025,FT,Slovenia,0,Switzerland,0,FIFA World Cup 26™ UEFA Qualifiers
13 Oct 2025,FT,Slovakia,2,Luxembourg,0,FIFA World Cup 26™ UEFA Qualifiers
13 Oct 2025,FT,Northern_Ireland,0,Germany,1,FIFA World Cup 26™ UEFA Qualifiers
13 Oct 2025,FT,Montenegro,2,Liechtenstein,1,Friendly 2025
13 Oct 2025,FT,Lesotho,1,Zimbabwe,0,FIFA World Cup 26™ CAF Qualifiers
13 Oct 2025,FT,Mauritius,0,Libya,0,FIFA World Cup 26™ CAF Qualifiers
13 Oct 2025,FT,Cabo_Verde,3,Eswatini,0,FIFA World Cup 26™ CAF Qualifiers
13 Oct 2025,FT,Cameroon,0,Angola,0,FIFA World Cup 26™ CAF Qualifiers
13 Oct 2025,FT,São_Tomé_and_Príncipe,1,Malawi,0,FIFA World Cup 26™ CAF Qualifiers
13 Oct 2025,FT,Equatorial_Guinea,1,Liberia,1,FIFA World Cup 26™ CAF Qualifiers
13 Oct 2025,FT,South_Sudan,0,Togo,0,FIFA World Cup 26™ CAF Qualifiers
13 Oct 2025,FT,Tunisia,3,Namibia,0,FIFA World Cup 26™ CAF Qualifiers
13 Oct 2025,FT,Uzbekistan,1,Uruguay,2,Friendly 2025
12 Oct 2025,FT,Mali,4,Madagascar,1,FIFA World Cup 26™ CAF Qualifiers
12 Oct 2025,FT,Ghana,1,Comoros,0,FIFA World Cup 26™ CAF Qualifiers
12 Oct 2025,FT,Djibouti,1,Sierra_Leone,2,FIFA World Cup 26™ CAF Qualifiers
12 Oct 2025,FT,Egypt,1,Guinea-Bissau,0,FIFA World Cup 26™ CAF Qualifiers
12 Oct 2025,FT,Burkina_Faso,3,Ethiopia,1,FIFA World Cup 26™ CAF Qualifiers
12 Oct 2025,FT,Croatia,3,Gibraltar,0,FIFA World Cup 26™ UEFA Qualifiers
12 Oct 2025,FT,Romania,1,Austria,0,FIFA World Cup 26™ UEFA Qualifiers
12 Oct 2025,FT,Lithuania,0,Poland,2,FIFA World Cup 26™ UEFA Qualifiers
12 Oct 2025,FT,Denmark,3,Greece,1,FIFA World Cup 26™ UEFA Qualifiers
12 Oct 2025,FT,Malta,1,Bosnia_and_Herzegovina,4,Friendly 2025
12 Oct 2025,FT,Faroe_Islands,2,Czechia,1,FIFA World Cup 26™ UEFA Qualifiers
12 Oct 2025,FT,Netherlands,4,Finland,0,FIFA World Cup 26™ UEFA Qualifiers
12 Oct 2025,FT,Chad,2,Central_African_Republic,3,FIFA World Cup 26™ CAF Qualifiers
12 Oct 2025,FT,Scotland,2,Belarus,1,FIFA World Cup 26™ UEFA Qualifiers
12 Oct 2025,FT,San_Marino,0,Cyprus,4,FIFA World Cup 26™ UEFA Qualifiers
12 Oct 2025,FT,Zambia,0,Niger,1,FIFA World Cup 26™ CAF Qualifiers
12 Oct 2025,FT,Mexico,0,Colombia,4,Friendly 2025
11 Oct 2025,FT,Grenada,2,Cuba,0,Friendly 2025
11 Oct 2025,FT,Iraq,1,Indonesia,0,FIFA World Cup 26™ AFC Qualifiers
11 Oct 2025,FT,Serbia,0,Albania,1,FIFA World Cup 26™ UEFA Qualifiers
11 Oct 2025,FT,Estonia,1,Italy,3,FIFA World Cup 26™ UEFA Qualifiers
11 Oct 2025,FT,Portugal,1,Republic_of_Ireland,0,FIFA World Cup 26™ UEFA Qualifiers
11 Oct 2025,FT,Spain,2,Georgia,0,FIFA World Cup 26™ UEFA Qualifiers
11 Oct 2025,FT,Bulgaria,1,Türkiye,6,FIFA World Cup 26™ UEFA Qualifiers
11 Oct 2025,FT,United_Arab_Emirates,2,Oman,1,FIFA World Cup 26™ AFC Qualifiers
11 Oct 2025,FT,Norway,5,Israel,0,FIFA World Cup 26™ UEFA Qualifiers
11 Oct 2025,FT,Hungary,2,Armenia,0,FIFA World Cup 26™ UEFA Qualifiers
11 Oct 2025,FT,Latvia,2,Andorra,2,FIFA World Cup 26™ UEFA Qualifiers
11 Oct 2025,FT,USA,1,Ecuador,1,Friendly 2025
11 Oct 2025,FT,El_Salvador,0,Panama,1,FIFA World Cup 26™ Concacaf Qualifiers
11 Oct 2025,FT,Argentina,1,Venezuela,0,Friendly 2025
10 Oct 2025,FT,Canada,0,Australia,1,Friendly 2025
10 Oct 2025,FT,Chile,2,Peru,1,Friendly 2025
10 Oct 2025,FT,Curaçao,2,Jamaica,0,FIFA World Cup 26™ Concacaf Qualifiers
10 Oct 2025,FT,Bermuda,0,Trinidad_and_Tobago,3,FIFA World Cup 26™ Concacaf Qualifiers
10 Oct 2025,FT,Suriname,1,Guatemala,1,FIFA World Cup 26™ Concacaf Qualifiers
10 Oct 2025,FT,Belgium,0,North_Macedonia,0,FIFA World Cup 26™ UEFA Qualifiers
10 Oct 2025,FT,France,3,Azerbaijan,0,FIFA World Cup 26™ UEFA Qualifiers
10 Oct 2025,FT,Iceland,3,Ukraine,5,FIFA World Cup 26™ UEFA Qualifiers
10 Oct 2025,FT,Sweden,0,Switzerland,2,FIFA World Cup 26™ UEFA Qualifiers
10 Oct 2025,FT,Kosovo,0,Slovenia,0,FIFA World Cup 26™ UEFA Qualifiers
10 Oct 2025,FT,Germany,4,Luxembourg,0,FIFA World Cup 26™ UEFA Qualifiers
10 Oct 2025,FT,Northern_Ireland,2,Slovakia,0,FIFA World Cup 26™ UEFA Qualifiers
10 Oct 2025,FT,Russia,2,IR_Iran,1,Friendly 2025
10 Oct 2025,FT,Jordan,0,Bolivia,1,Friendly 2025
10 Oct 2025,FT,São_Tomé_and_Príncipe,0,Tunisia,6,FIFA World Cup 26™ CAF Qualifiers
10 Oct 2025,FT,Rwanda,0,Benin,1,FIFA World Cup 26™ CAF Qualifiers
10 Oct 2025,FT,Zimbabwe,0,South_Africa,0,FIFA World Cup 26™ CAF Qualifiers
10 Oct 2025,FT,Lesotho,1,Nigeria,2,FIFA World Cup 26™ CAF Qualifiers
10 Oct 2025,FT,Kazakhstan,4,Liechtenstein,0,FIFA World Cup 26™ UEFA Qualifiers
10 Oct 2025,FT,Sudan,0,Mauritania,0,FIFA World Cup 26™ CAF Qualifiers
10 Oct 2025,FT,The_Gambia,3,Gabon,4,FIFA World Cup 26™ CAF Qualifiers
10 Oct 2025,FT,Seychelles,0,Côte_d_Ivoire,7,FIFA World Cup 26™ CAF Qualifiers
10 Oct 2025,FT,Togo,0,Congo_DR,1,FIFA World Cup 26™ CAF Qualifiers
10 Oct 2025,FT,South_Sudan,0,Senegal,5,FIFA World Cup 26™ CAF Qualifiers
10 Oct 2025,FT,Uruguay,1,Dominican_Republic,0,Friendly 2025
10 Oct 2025,FT,Korea_Republic,0,Brazil,5,Friendly 2025
10 Oct 2025,FT,Japan,2,Paraguay,2,Friendly 2025
10 Oct 2025,FT,Honduras,0,Costa_Rica,0,FIFA World Cup 26™ Concacaf Qualifiers
10 Oct 2025,FT,Nicaragua,0,Haiti,3,FIFA World Cup 26™ Concacaf Qualifiers
09 Oct 2025,FT,Morocco,1,Bahrain,0,Friendly 2025
09 Oct 2025,FT,Poland,1,New_Zealand,0,Friendly 2025
09 Oct 2025,FT,England,3,Wales,0,Friendly 2025
09 Oct 2025,FT,Faroe_Islands,4,Montenegro,0,FIFA World Cup 26™ UEFA Qualifiers
09 Oct 2025,FT,Czechia,0,Croatia,0,FIFA World Cup 26™ UEFA Qualifiers
09 Oct 2025,FT,Cyprus,2,Bosnia_and_Herzegovina,2,FIFA World Cup 26™ UEFA Qualifiers
09 Oct 2025,FT,Austria,10,San_Marino,0,FIFA World Cup 26™ UEFA Qualifiers
09 Oct 2025,FT,Malta,0,Netherlands,4,FIFA World Cup 26™ UEFA Qualifiers
09 Oct 2025,FT,Scotland,3,Greece,1,FIFA World Cup 26™ UEFA Qualifiers
09 Oct 2025,FT,Belarus,0,Denmark,6,FIFA World Cup 26™ UEFA Qualifiers
09 Oct 2025,FT,Romania,2,Moldova,1,Friendly 2025
09 Oct 2025,FT,Syria,5,Myanmar,1,Asian Nations Cup 2027 Prel. Comp.
09 Oct 2025,FT,Finland,2,Lithuania,1,FIFA World Cup 26™ UEFA Qualifiers
09 Oct 2025,FT,Malawi,3,Equatorial_Guinea,0,FIFA World Cup 26™ CAF Qualifiers
09 Oct 2025,FT,Liberia,3,Namibia,1,FIFA World Cup 26™ CAF Qualifiers
09 Oct 2025,FT,Botswana,0,Uganda,1,FIFA World Cup 26™ CAF Qualifiers
09 Oct 2025,FT,Mozambique,1,Guinea,2,FIFA World Cup 26™ CAF Qualifiers
09 Oct 2025,FT,Somalia,0,Algeria,3,FIFA World Cup 26™ CAF Qualifiers
09 Oct 2025,FT,Lebanon,2,Bhutan,0,Asian Nations Cup 2027 Prel. Comp.
09 Oct 2025,FT,Bangladesh,3,Hong_Kong,4,Asian Nations Cup 2027 Prel. Comp.
09 Oct 2025,FT,Uzbekistan,2,Kuwait,0,Friendly 2025
09 Oct 2025,FT,Burundi,0,Kenya,1,FIFA World Cup 26™ CAF Qualifiers
09 Oct 2025,FT,Tajikistan,2,Maldives,0,Asian Nations Cup 2027 Prel. Comp.
09 Oct 2025,FT,Vietnam,3,Nepal,1,Asian Nations Cup 2027 Prel. Comp.
09 Oct 2025,FT,Thailand,2,Chinese_Taipei,0,Asian Nations Cup 2027 Prel. Comp.
09 Oct 2025,FT,Laos,0,Malaysia,3,Asian Nations Cup 2027 Prel. Comp.
09 Oct 2025,FT,Singapore,1,India,1,Asian Nations Cup 2027 Prel. Comp.
09 Oct 2025,FT,Sri_Lanka,1,Turkmenistan,0,Asian Nations Cup 2027 Prel. Comp.
09 Oct 2025,FT,Timor-Leste,1,Philippines,4,Asian Nations Cup 2027 Prel. Comp.
09 Oct 2025,FT,Pakistan,0,Afghanistan,0,Asian Nations Cup 2027 Prel. Comp.
09 Oct 2025,FT,Brunei,0,Yemen,2,Asian Nations Cup 2027 Prel. Comp.
08 Oct 2025,FT,Grenada,4,British_Virgin_Islands,1,Friendly 2025
08 Oct 2025,FT,Tanzania,0,Zambia,1,FIFA World Cup 26™ CAF Qualifiers
08 Oct 2025,FT,Niger,3,Congo,1,FIFA World Cup 26™ CAF Qualifiers
08 Oct 2025,FT,Indonesia,2,Saudi_Arabia,3,FIFA World Cup 26™ AFC Qualifiers
08 Oct 2025,FT,Gibraltar,0,New_Caledonia,2,Friendly 2025
08 Oct 2025,FT,Chad,0,Mali,2,FIFA World Cup 26™ CAF Qualifiers
08 Oct 2025,FT,Central_African_Republic,0,Ghana,5,FIFA World Cup 26™ CAF Qualifiers
08 Oct 2025,FT,Comoros,1,Madagascar,2,FIFA World Cup 26™ CAF Qualifiers
08 Oct 2025,FT,Djibouti,0,Egypt,3,FIFA World Cup 26™ CAF Qualifiers
08 Oct 2025,FT,Sierra_Leone,0,Burkina_Faso,1,FIFA World Cup 26™ CAF Qualifiers
08 Oct 2025,FT,Oman,0,Qatar,0,FIFA World Cup 26™ AFC Qualifiers
08 Oct 2025,FT,Eswatini,2,Angola,2,FIFA World Cup 26™ CAF Qualifiers
08 Oct 2025,FT,Libya,3,Cabo_Verde,3,FIFA World Cup 26™ CAF Qualifiers
08 Oct 2025,FT,Mauritius,0,Cameroon,2,FIFA World Cup 26™ CAF Qualifiers
08 Oct 2025,FT,Ethiopia,1,Guinea-Bissau,0,FIFA World Cup 26™ CAF Qualifiers
10 Sep 2025,FT,Honduras,2,Nicaragua,0,FIFA World Cup 26™ Concacaf Qualifiers
10 Sep 2025,FT,Costa_Rica,3,Haiti,3,FIFA World Cup 26™ Concacaf Qualifiers
10 Sep 2025,FT,Mexico,2,Korea_Republic,2,Friendly 2025
10 Sep 2025,FT,Curaçao,3,Bermuda,2,FIFA World Cup 26™ Concacaf Qualifiers
10 Sep 2025,FT,Jamaica,2,Trinidad_and_Tobago,0,FIFA World Cup 26™ Concacaf Qualifiers
09 Sep 2025,FT,USA,2,Japan,0,Friendly 2025
09 Sep 2025,FT,Peru,0,Paraguay,1,FIFA World Cup 26™ CONMEBOL Qualifiers
09 Sep 2025,FT,Bolivia,1,Brazil,0,FIFA World Cup 26™ CONMEBOL Qualifiers
09 Sep 2025,FT,Chile,0,Uruguay,0,FIFA World Cup 26™ CONMEBOL Qualifiers
09 Sep 2025,FT,Venezuela,3,Colombia,6,FIFA World Cup 26™ CONMEBOL Qualifiers
09 Sep 2025,FT,Ecuador,1,Argentina,0,FIFA World Cup 26™ CONMEBOL Qualifiers
09 Sep 2025,FT,Benin,4,Lesotho,0,FIFA World Cup 26™ CAF Qualifiers
09 Sep 2025,FT,Malta,3,San_Marino,1,Friendly 2025
09 Sep 2025,FT,Gabon,0,Côte_d_Ivoire,0,FIFA World Cup 26™ CAF Qualifiers
09 Sep 2025,FT,The_Gambia,2,Burundi,0,FIFA World Cup 26™ CAF Qualifiers
09 Sep 2025,FT,Mauritania,0,South_Sudan,0,FIFA World Cup 26™ CAF Qualifiers
09 Sep 2025,FT,Angola,3,Mauritius,1,FIFA World Cup 26™ CAF Qualifiers
09 Sep 2025,FT,Wales,0,Canada,1,Friendly 2025
09 Sep 2025,FT,France,2,Iceland,1,FIFA World Cup 26™ UEFA Qualifiers
09 Sep 2025,FT,Serbia,0,England,5,FIFA World Cup 26™ UEFA Qualifiers
09 Sep 2025,FT,Bosnia_and_Herzegovina,1,Austria,2,FIFA World Cup 26™ UEFA Qualifiers
09 Sep 2025,FT,Albania,1,Latvia,0,FIFA World Cup 26™ UEFA Qualifiers
09 Sep 2025,FT,Cyprus,2,Romania,2,FIFA World Cup 26™ UEFA Qualifiers
09 Sep 2025,FT,Norway,11,Moldova,1,FIFA World Cup 26™ UEFA Qualifiers
09 Sep 2025,FT,Hungary,2,Portugal,3,FIFA World Cup 26™ UEFA Qualifiers
09 Sep 2025,FT,Jordan,3,Dominican_Republic,0,Friendly 2025
09 Sep 2025,FT,Estonia,0,Andorra,0,Friendly 2025
09 Sep 2025,FT,Armenia,2,Republic_of_Ireland,1,FIFA World Cup 26™ UEFA Qualifiers
09 Sep 2025,FT,Azerbaijan,1,Ukraine,1,FIFA World Cup 26™ UEFA Qualifiers
09 Sep 2025,FT,Togo,1,Sudan,0,FIFA World Cup 26™ CAF Qualifiers
09 Sep 2025,FT,Cabo_Verde,1,Cameroon,0,FIFA World Cup 26™ CAF Qualifiers
09 Sep 2025,FT,South_Africa,1,Nigeria,1,FIFA World Cup 26™ CAF Qualifiers
09 Sep 2025,FT,Congo_DR,2,Senegal,3,FIFA World Cup 26™ CAF Qualifiers
09 Sep 2025,FT,Burkina_Faso,0,Egypt,0,FIFA World Cup 26™ CAF Qualifiers
09 Sep 2025,FT,Zimbabwe,0,Rwanda,1,FIFA World Cup 26™ CAF Qualifiers
09 Sep 2025,FT,Tanzania,0,Niger,1,FIFA World Cup 26™ CAF Qualifiers
09 Sep 2025,FT,Namibia,3,São_Tomé_and_Príncipe,0,FIFA World Cup 26™ CAF Qualifiers
09 Sep 2025,FT,Sierra_Leone,2,Ethiopia,0,FIFA World Cup 26™ CAF Qualifiers
09 Sep 2025,FT,Kenya,5,Seychelles,0,FIFA World Cup 26™ CAF Qualifiers
09 Sep 2025,FT,Sri_Lanka,1,Maldives,1,Friendly 2025
09 Sep 2025,FT,Singapore,1,Myanmar,1,Friendly 2025
09 Sep 2025,FT,New_Zealand,1,Australia,3,Friendly 2025
09 Sep 2025,FT,Panama,1,Guatemala,1,FIFA World Cup 26™ Concacaf Qualifiers
09 Sep 2025,FT,El_Salvador,1,Suriname,2,FIFA World Cup 26™ Concacaf Qualifiers
08 Sep 2025,FT,Libya,2,Eswatini,0,FIFA World Cup 26™ CAF Qualifiers
08 Sep 2025,FT,Ghana,1,Mali,0,FIFA World Cup 26™ CAF Qualifiers
08 Sep 2025,FT,Croatia,4,Montenegro,0,FIFA World Cup 26™ UEFA Qualifiers
08 Sep 2025,FT,Belarus,0,Scotland,2,FIFA World Cup 26™ UEFA Qualifiers
08 Sep 2025,FT,Gibraltar,0,Faroe_Islands,1,FIFA World Cup 26™ UEFA Qualifiers
08 Sep 2025,FT,Israel,4,Italy,5,FIFA World Cup 26™ UEFA Qualifiers
08 Sep 2025,FT,Greece,0,Denmark,3,FIFA World Cup 26™ UEFA Qualifiers
08 Sep 2025,FT,Switzerland,3,Slovenia,0,FIFA World Cup 26™ UEFA Qualifiers
08 Sep 2025,FT,Kosovo,2,Sweden,0,FIFA World Cup 26™ UEFA Qualifiers
08 Sep 2025,FT,Czechia,1,Saudi_Arabia,1,Friendly 2025
08 Sep 2025,FT,Malawi,2,Liberia,2,FIFA World Cup 26™ CAF Qualifiers
08 Sep 2025,FT,Madagascar,3,Chad,1,FIFA World Cup 26™ CAF Qualifiers
08 Sep 2025,FT,Uganda,2,Somalia,0,FIFA World Cup 26™ CAF Qualifiers
08 Sep 2025,FT,Guinea,0,Algeria,0,FIFA World Cup 26™ CAF Qualifiers
08 Sep 2025,FT,Guinea-Bissau,2,Djibouti,0,FIFA World Cup 26™ CAF Qualifiers
08 Sep 2025,FT,Indonesia,0,Lebanon,0,Friendly 2025
08 Sep 2025,FT,Malaysia,0,Palestine,3,Friendly 2025
08 Sep 2025,FT,Equatorial_Guinea,0,Tunisia,1,FIFA World Cup 26™ CAF Qualifiers
08 Sep 2025,FT,Mozambique,2,Botswana,0,FIFA World Cup 26™ CAF Qualifiers
08 Sep 2025,FT,Zambia,0,Morocco,2,FIFA World Cup 26™ CAF Qualifiers
07 Sep 2025,FT,Germany,3,Northern_Ireland,1,FIFA World Cup 26™ UEFA Qualifiers
07 Sep 2025,FT,Belgium,6,Kazakhstan,0,FIFA World Cup 26™ UEFA Qualifiers
07 Sep 2025,FT,Poland,3,Finland,1,FIFA World Cup 26™ UEFA Qualifiers
07 Sep 2025,FT,Türkiye,0,Spain,6,FIFA World Cup 26™ UEFA Qualifiers
07 Sep 2025,FT,Luxembourg,0,Slovakia,1,FIFA World Cup 26™ UEFA Qualifiers
07 Sep 2025,FT,North_Macedonia,5,Liechtenstein,0,FIFA World Cup 26™ UEFA Qualifiers
07 Sep 2025,FT,Lithuania,2,Netherlands,3,FIFA World Cup 26™ UEFA Qualifiers
07 Sep 2025,FT,Central_African_Republic,0,Comoros,2,FIFA World Cup 26™ CAF Qualifiers
07 Sep 2025,FT,Qatar,1,Russia,4,Friendly 2025
07 Sep 2025,FT,Iraq,1,Thailand,0,Kings Cup 2025
07 Sep 2025,FT,Georgia,3,Bulgaria,0,FIFA World Cup 26™ UEFA Qualifiers
07 Sep 2025,FT,Hong_Kong,8,Fiji,0,Kings Cup 2025
07 Sep 2025,FT,Mexico,0,Japan,0,Friendly 2025
06 Sep 2025,FT,USA,0,Korea_Republic,2,Friendly 2025
06 Sep 2025,FT,San_Marino,0,Bosnia_and_Herzegovina,6,FIFA World Cup 26™ UEFA Qualifiers
06 Sep 2025,FT,Austria,1,Cyprus,0,FIFA World Cup 26™ UEFA Qualifiers
06 Sep 2025,FT,Republic_of_Ireland,2,Hungary,2,FIFA World Cup 26™ UEFA Qualifiers
06 Sep 2025,FT,Armenia,0,Portugal,5,FIFA World Cup 26™ UEFA Qualifiers
06 Sep 2025,FT,England,2,Andorra,0,FIFA World Cup 26™ UEFA Qualifiers
06 Sep 2025,FT,Nigeria,1,Rwanda,0,FIFA World Cup 26™ CAF Qualifiers
06 Sep 2025,FT,Latvia,0,Serbia,1,FIFA World Cup 26™ UEFA Qualifiers
06 Sep 2025,FT,Nepal,0,Bangladesh,0,Friendly 2025
06 Sep 2025,FT,Sri_Lanka,0,Maldives,3,Friendly 2025
06 Sep 2025,FT,Nicaragua,1,Costa_Rica,1,FIFA World Cup 26™ Concacaf Qualifiers
06 Sep 2025,FT,Haiti,0,Honduras,0,FIFA World Cup 26™ Concacaf Qualifiers
06 Sep 2025,FT,Trinidad_and_Tobago,0,Curaçao,0,FIFA World Cup 26™ Concacaf Qualifiers
05 Sep 2025,FT,Bermuda,0,Jamaica,4,FIFA World Cup 26™ Concacaf Qualifiers
05 Sep 2025,FT,Morocco,5,Niger,0,FIFA World Cup 26™ CAF Qualifiers
05 Sep 2025,FT,Côte_d_Ivoire,1,Burundi,0,FIFA World Cup 26™ CAF Qualifiers
05 Sep 2025,FT,Senegal,2,Sudan,0,FIFA World Cup 26™ CAF Qualifiers
05 Sep 2025,FT,Egypt,2,Ethiopia,0,FIFA World Cup 26™ CAF Qualifiers
05 Sep 2025,FT,Mauritania,2,Togo,0,FIFA World Cup 26™ CAF Qualifiers
05 Sep 2025,FT,Greece,5,Belarus,1,FIFA World Cup 26™ UEFA Qualifiers
05 Sep 2025,FT,Italy,5,Estonia,0,FIFA World Cup 26™ UEFA Qualifiers
05 Sep 2025,FT,Slovenia,2,Sweden,2,FIFA World Cup 26™ UEFA Qualifiers
05 Sep 2025,FT,Montenegro,0,Czechia,2,FIFA World Cup 26™ UEFA Qualifiers
05 Sep 2025,FT,Faroe_Islands,0,Croatia,1,FIFA World Cup 26™ UEFA Qualifiers
05 Sep 2025,FT,Moldova,0,Israel,4,FIFA World Cup 26™ UEFA Qualifiers
05 Sep 2025,FT,Ukraine,0,France,2,FIFA World Cup 26™ UEFA Qualifiers
05 Sep 2025,FT,Iceland,5,Azerbaijan,0,FIFA World Cup 26™ UEFA Qualifiers
05 Sep 2025,FT,Denmark,0,Scotland,0,FIFA World Cup 26™ UEFA Qualifiers
05 Sep 2025,FT,Switzerland,4,Kosovo,0,FIFA World Cup 26™ UEFA Qualifiers
05 Sep 2025,FT,Romania,0,Canada,3,Friendly 2025
05 Sep 2025,FT,Uganda,4,Mozambique,0,FIFA World Cup 26™ CAF Qualifiers
05 Sep 2025,FT,Lesotho,0,South_Africa,3,FIFA World Cup 26™ CAF Qualifiers
05 Sep 2025,FT,Congo,1,Tanzania,1,FIFA World Cup 26™ CAF Qualifiers
05 Sep 2025,FT,Djibouti,0,Burkina_Faso,6,FIFA World Cup 26™ CAF Qualifiers
05 Sep 2025,FT,Benin,1,Zimbabwe,0,FIFA World Cup 26™ CAF Qualifiers
05 Sep 2025,FT,Uzbekistan,4,Kyrgyz_Republic,0,CAFA Nations Cup 2025
05 Sep 2025,FT,Indonesia,6,Chinese_Taipei,0,Friendly 2025
05 Sep 2025,FT,Kenya,1,The_Gambia,3,FIFA World Cup 26™ CAF Qualifiers
05 Sep 2025,FT,Namibia,1,Malawi,2,FIFA World Cup 26™ CAF Qualifiers
05 Sep 2025,FT,South_Sudan,1,Congo_DR,4,FIFA World Cup 26™ CAF Qualifiers
05 Sep 2025,FT,Turkmenistan,1,Oman,2,CAFA Nations Cup 2025
05 Sep 2025,FT,Somalia,0,Guinea,3,FIFA World Cup 26™ CAF Qualifiers
05 Sep 2025,FT,Australia,1,New_Zealand,0,Friendly 2025
05 Sep 2025,FT,Guatemala,0,El_Salvador,1,FIFA World Cup 26™ Concacaf Qualifiers
05 Sep 2025,FT,Brazil,3,Chile,0,FIFA World Cup 26™ CONMEBOL Qualifiers
04 Sep 2025,FT,Argentina,3,Venezuela,0,FIFA World Cup 26™ CONMEBOL Qualifiers
04 Sep 2025,FT,Colombia,3,Bolivia,0,FIFA World Cup 26™ CONMEBOL Qualifiers
04 Sep 2025,FT,Uruguay,3,Peru,0,FIFA World Cup 26™ CONMEBOL Qualifiers
04 Sep 2025,FT,Paraguay,0,Ecuador,0,FIFA World Cup 26™ CONMEBOL Qualifiers
04 Sep 2025,FT,Suriname,0,Panama,0,FIFA World Cup 26™ Concacaf Qualifiers
04 Sep 2025,FT,Algeria,3,Botswana,1,FIFA World Cup 26™ CAF Qualifiers
04 Sep 2025,FT,Mali,3,Comoros,0,FIFA World Cup 26™ CAF Qualifiers
04 Sep 2025,FT,Tunisia,3,Liberia,0,FIFA World Cup 26™ CAF Qualifiers
04 Sep 2025,FT,Cameroon,3,Eswatini,0,FIFA World Cup 26™ CAF Qualifiers
04 Sep 2025,FT,Liechtenstein,0,Belgium,6,FIFA World Cup 26™ UEFA Qualifiers
04 Sep 2025,FT,Slovakia,2,Germany,0,FIFA World Cup 26™ UEFA Qualifiers
04 Sep 2025,FT,Bulgaria,0,Spain,3,FIFA World Cup 26™ UEFA Qualifiers
04 Sep 2025,FT,Netherlands,1,Poland,1,FIFA World Cup 26™ UEFA Qualifiers
04 Sep 2025,FT,Luxembourg,1,Northern_Ireland,3,FIFA World Cup 26™ UEFA Qualifiers
04 Sep 2025,FT,Russia,0,Jordan,0,Friendly 2025
04 Sep 2025,FT,Gibraltar,0,Albania,1,Friendly 2025
04 Sep 2025,FT,Norway,1,Finland,0,Friendly 2025
04 Sep 2025,FT,Lithuania,1,Malta,1,FIFA World Cup 26™ UEFA Qualifiers
04 Sep 2025,FT,Georgia,2,Türkiye,3,FIFA World Cup 26™ UEFA Qualifiers
04 Sep 2025,FT,Madagascar,2,Central_African_Republic,0,FIFA World Cup 26™ CAF Qualifiers
04 Sep 2025,FT,São_Tomé_and_Príncipe,2,Equatorial_Guinea,3,FIFA World Cup 26™ CAF Qualifiers
04 Sep 2025,FT,Angola,0,Libya,1,FIFA World Cup 26™ CAF Qualifiers
04 Sep 2025,FT,Guinea-Bissau,1,Sierra_Leone,1,FIFA World Cup 26™ CAF Qualifiers
04 Sep 2025,FT,Mauritius,0,Cabo_Verde,2,FIFA World Cup 26™ CAF Qualifiers
04 Sep 2025,FT,Tajikistan,2,IR_Iran,2,CAFA Nations Cup 2025
04 Sep 2025,FT,North_Macedonia,1,Saudi_Arabia,2,Friendly 2025
04 Sep 2025,FT,Kazakhstan,0,Wales,1,FIFA World Cup 26™ UEFA Qualifiers
04 Sep 2025,FT,Malaysia,0,Singapore,3,Friendly 2025
04 Sep 2025,FT,Thailand,3,Fiji,0,Kings Cup 2025
04 Sep 2025,FT,Chad,1,Ghana,1,FIFA World Cup 26™ CAF Qualifiers
04 Sep 2025,FT,Afghanistan,0,India,0,CAFA Nations Cup 2025
04 Sep 2025,FT,Iraq,2,Hong_Kong,1,Kings Cup 2025
03 Sep 2025,FT,Qatar,2,Bahrain,2,Friendly 2025
03 Sep 2025,FT,Seychelles,0,Gabon,4,FIFA World Cup 26™ CAF Qualifiers
02 Sep 2025,FT,Turkmenistan,1,Uzbekistan,2,CAFA Nations Cup 2025
02 Sep 2025,FT,Oman,2,Kyrgyz_Republic,1,CAFA Nations Cup 2025
01 Sep 2025,FT,Afghanistan,0,Tajikistan,2,CAFA Nations Cup 2025
01 Sep 2025,FT,India,0,IR_Iran,3,CAFA Nations Cup 2025
30 Aug 2025,FT,Madagascar,2,Morocco,3,African Nations Championship 2025 (CHAN) - Final Comp.
30 Aug 2025,FT,Uzbekistan,1,Oman,1,CAFA Nations Cup 2025
30 Aug 2025,FT,Kyrgyz_Republic,1,Turkmenistan,1,CAFA Nations Cup 2025
29 Aug 2025,FT,Tajikistan,1,India,2,CAFA Nations Cup 2025
29 Aug 2025,FT,Sudan,1,Senegal,1,African Nations Championship 2025 (CHAN) - Final Comp.
29 Aug 2025,FT,IR_Iran,3,Afghanistan,1,CAFA Nations Cup 2025
26 Aug 2025,FT,Morocco,1,Senegal,1,African Nations Championship 2025 (CHAN) - Final Comp.
26 Aug 2025,FT,Madagascar,1,Sudan,0,African Nations Championship 2025 (CHAN) - Final Comp.
23 Aug 2025,FT,Sudan,1,Algeria,1,African Nations Championship 2025 (CHAN) - Final Comp.
23 Aug 2025,FT,Uganda,0,Senegal,1,African Nations Championship 2025 (CHAN) - Final Comp.
22 Aug 2025,FT,Tanzania,0,Morocco,1,African Nations Championship 2025 (CHAN) - Final Comp.
22 Aug 2025,FT,Kenya,1,Madagascar,1,African Nations Championship 2025 (CHAN) - Final Comp.
19 Aug 2025,FT,Sudan,0,Senegal,0,African Nations Championship 2025 (CHAN) - Final Comp.
19 Aug 2025,FT,Nigeria,2,Congo,0,African Nations Championship 2025 (CHAN) - Final Comp.
18 Aug 2025,FT,South_Africa,3,Uganda,3,African Nations Championship 2025 (CHAN) - Final Comp.
18 Aug 2025,FT,Algeria,0,Niger,0,African Nations Championship 2025 (CHAN) - Final Comp.
17 Aug 2025,FT,Congo_DR,1,Morocco,3,African Nations Championship 2025 (CHAN) - Final Comp.
17 Aug 2025,FT,Zambia,0,Kenya,1,African Nations Championship 2025 (CHAN) - Final Comp.
16 Aug 2025,FT,Burkina_Faso,1,Madagascar,2,African Nations Championship 2025 (CHAN) - Final Comp.
16 Aug 2025,FT,Central_African_Republic,0,Tanzania,0,African Nations Championship 2025 (CHAN) - Final Comp.
15 Aug 2025,FT,Niger,0,South_Africa,0,African Nations Championship 2025 (CHAN) - Final Comp.
15 Aug 2025,FT,Guinea,1,Algeria,1,African Nations Championship 2025 (CHAN) - Final Comp.
14 Aug 2025,FT,Angola,0,Congo_DR,2,African Nations Championship 2025 (CHAN) - Final Comp.
14 Aug 2025,FT,Morocco,3,Zambia,1,African Nations Championship 2025 (CHAN) - Final Comp.
13 Aug 2025,FT,Mauritania,1,Burkina_Faso,0,African Nations Championship 2025 (CHAN) - Final Comp.
13 Aug 2025,FT,Madagascar,2,Central_African_Republic,0,African Nations Championship 2025 (CHAN) - Final Comp.
12 Aug 2025,FT,Sudan,4,Nigeria,0,African Nations Championship 2025 (CHAN) - Final Comp.
12 Aug 2025,FT,Senegal,1,Congo,1,African Nations Championship 2025 (CHAN) - Final Comp.
11 Aug 2025,FT,Uganda,2,Niger,0,African Nations Championship 2025 (CHAN) - Final Comp.
11 Aug 2025,FT,South_Africa,2,Guinea,1,African Nations Championship 2025 (CHAN) - Final Comp.
10 Aug 2025,FT,Zambia,1,Angola,2,African Nations Championship 2025 (CHAN) - Final Comp.
10 Aug 2025,FT,Kenya,1,Morocco,0,African Nations Championship 2025 (CHAN) - Final Comp.
09 Aug 2025,FT,Tanzania,2,Madagascar,1,African Nations Championship 2025 (CHAN) - Final Comp.
09 Aug 2025,FT,Central_African_Republic,0,Mauritania,1,African Nations Championship 2025 (CHAN) - Final Comp.
08 Aug 2025,FT,Guinea,0,Uganda,3,African Nations Championship 2025 (CHAN) - Final Comp.
08 Aug 2025,FT,Algeria,1,South_Africa,1,African Nations Championship 2025 (CHAN) - Final Comp.
07 Aug 2025,FT,Angola,1,Kenya,1,African Nations Championship 2025 (CHAN) - Final Comp.
07 Aug 2025,FT,Congo_DR,2,Zambia,0,African Nations Championship 2025 (CHAN) - Final Comp.
06 Aug 2025,FT,Mauritania,0,Tanzania,1,African Nations Championship 2025 (CHAN) - Final Comp.
06 Aug 2025,FT,Burkina_Faso,4,Central_African_Republic,2,African Nations Championship 2025 (CHAN) - Final Comp.
05 Aug 2025,FT,Senegal,1,Nigeria,0,African Nations Championship 2025 (CHAN) - Final Comp.
05 Aug 2025,FT,Congo,1,Sudan,1,African Nations Championship 2025 (CHAN) - Final Comp.
04 Aug 2025,FT,Uganda,0,Algeria,3,African Nations Championship 2025 (CHAN) - Final Comp.
04 Aug 2025,FT,Niger,0,Guinea,1,African Nations Championship 2025 (CHAN) - Final Comp.
03 Aug 2025,FT,Madagascar,0,Mauritania,0,African Nations Championship 2025 (CHAN) - Final Comp.
03 Aug 2025,FT,Morocco,2,Angola,0,African Nations Championship 2025 (CHAN) - Final Comp.
03 Aug 2025,FT,Kenya,1,Congo_DR,0,African Nations Championship 2025 (CHAN) - Final Comp.
02 Aug 2025,FT,Tanzania,2,Burkina_Faso,0,African Nations Championship 2025 (CHAN) - Final Comp.
15 Jul 2025,FT,Korea_Republic,0,Japan,1,East Asian Football Federation Championship 2025
15 Jul 2025,FT,China_PR,1,Hong_Kong,0,East Asian Football Federation Championship 2025
12 Jul 2025,FT,Japan,2,China_PR,0,East Asian Football Federation Championship 2025
11 Jul 2025,FT,Hong_Kong,0,Korea_Republic,2,East Asian Football Federation Championship 2025
