09 Jul 2026,FT,France,2,0,Morocco,0,0,FIFA World Cup 2026™,Quarter-final,Boston Stadium
07 Jul 2026,FT,Switzerland,0,0,Colombia,0,0,FIFA World Cup 2026™,Round of 16,BC Place Vancouver
07 Jul 2026,FT,Argentina,3,0,Egypt,2,0,FIFA World Cup 2026™,Round of 16,Atlanta Stadium
07 Jul 2026,FT,USA,1,0,Belgium,4,0,FIFA World Cup 2026™,Round of 16,Seattle Stadium
06 Jul 2026,FT,Portugal,0,0,Spain,1,0,FIFA World Cup 2026™,Round of 16,Dallas Stadium
06 Jul 2026,FT,Mexico,2,1,England,3,0,FIFA World Cup 2026™,Round of 16,Mexico City Stadium
05 Jul 2026,FT,Brazil,1,0,Norway,2,0,FIFA World Cup 2026™,Round of 16,New York/New Jersey Stadium
04 Jul 2026,FT,Paraguay,0,0,France,1,0,FIFA World Cup 2026™,Round of 16,Philadelphia Stadium
04 Jul 2026,FT,Canada,0,0,Morocco,3,0,FIFA World Cup 2026™,Round of 16,Houston Stadium
04 Jul 2026,FT,Colombia,1,0,Ghana,0,0,FIFA World Cup 2026™,Round of 32,Kansas City Stadium
03 Jul 2026,FT,Argentina,3,0,Cabo_Verde,2,0,FIFA World Cup 2026™,Round of 32,Miami Stadium
03 Jul 2026,FT,Australia,1,0,Egypt,1,0,FIFA World Cup 2026™,Round of 32,Dallas Stadium
03 Jul 2026,FT,Switzerland,2,0,Algeria,0,0,FIFA World Cup 2026™,Round of 32,BC Place Vancouver
02 Jul 2026,FT,Portugal,2,0,Croatia,1,0,FIFA World Cup 2026™,Round of 32,Toronto Stadium
02 Jul 2026,FT,Spain,3,0,Austria,0,0,FIFA World Cup 2026™,Round of 32,Los Angeles Stadium
02 Jul 2026,FT,USA,2,1,Bosnia_and_Herzegovina,0,0,FIFA World Cup 2026™,Round of 32,San Francisco Bay Area Stadium
01 Jul 2026,FT,Belgium,3,0,Senegal,2,0,FIFA World Cup 2026™,Round of 32,Seattle Stadium
01 Jul 2026,FT,England,2,0,Congo_DR,1,0,FIFA World Cup 2026™,Round of 32,Atlanta Stadium
01 Jul 2026,FT,Mexico,2,1,Ecuador,0,0,FIFA World Cup 2026™,Round of 32,Mexico City Stadium
30 Jun 2026,FT,France,3,0,Sweden,0,0,FIFA World Cup 2026™,Round of 32,New York/New Jersey Stadium
30 Jun 2026,FT,Côte_d_Ivoire,1,0,Norway,2,0,FIFA World Cup 2026™,Round of 32,Dallas Stadium
30 Jun 2026,FT,Netherlands,1,0,Morocco,1,0,FIFA World Cup 2026™,Round of 32,Monterrey Stadium
29 Jun 2026,FT,Germany,1,0,Paraguay,1,0,FIFA World Cup 2026™,Round of 32,Boston Stadium
29 Jun 2026,FT,Brazil,2,0,Japan,1,0,FIFA World Cup 2026™,Round of 32,Houston Stadium
28 Jun 2026,FT,South_Africa,0,0,Canada,1,0,FIFA World Cup 2026™,Round of 32,Los Angeles Stadium
28 Jun 2026,FT,Algeria,3,0,Austria,3,0,FIFA World Cup 2026™,First Stage,Kansas City Stadium
28 Jun 2026,FT,Jordan,1,0,Argentina,3,0,FIFA World Cup 2026™,First Stage,Dallas Stadium
27 Jun 2026,FT,Congo_DR,3,0,Uzbekistan,1,0,FIFA World Cup 2026™,First Stage,Atlanta Stadium
27 Jun 2026,FT,Colombia,0,0,Portugal,0,0,FIFA World Cup 2026™,First Stage,Miami Stadium
27 Jun 2026,FT,Panama,0,0,England,2,0,FIFA World Cup 2026™,First Stage,New York/New Jersey Stadium
27 Jun 2026,FT,Croatia,2,0,Ghana,1,0,FIFA World Cup 2026™,First Stage,Philadelphia Stadium
27 Jun 2026,FT,Egypt,1,0,IR_Iran,1,0,FIFA World Cup 2026™,First Stage,Seattle Stadium
27 Jun 2026,FT,New_Zealand,1,0,Belgium,5,0,FIFA World Cup 2026™,First Stage,BC Place Vancouver
27 Jun 2026,FT,Cabo_Verde,0,0,Saudi_Arabia,0,0,FIFA World Cup 2026™,First Stage,Houston Stadium
27 Jun 2026,FT,Uruguay,0,0,Spain,1,0,FIFA World Cup 2026™,First Stage,Guadalajara Stadium
26 Jun 2026,FT,Norway,1,0,France,4,0,FIFA World Cup 2026™,First Stage,Boston Stadium
26 Jun 2026,FT,Senegal,5,0,Iraq,0,0,FIFA World Cup 2026™,First Stage,Toronto Stadium
26 Jun 2026,FT,Paraguay,0,0,Australia,0,0,FIFA World Cup 2026™,First Stage,San Francisco Bay Area Stadium
26 Jun 2026,FT,Türkiye,3,0,USA,2,1,FIFA World Cup 2026™,First Stage,Los Angeles Stadium
25 Jun 2026,FT,Tunisia,1,0,Netherlands,3,0,FIFA World Cup 2026™,First Stage,Kansas City Stadium
25 Jun 2026,FT,Japan,1,0,Sweden,1,0,FIFA World Cup 2026™,First Stage,Dallas Stadium
25 Jun 2026,FT,Curaçao,0,0,Côte_d_Ivoire,2,0,FIFA World Cup 2026™,First Stage,Philadelphia Stadium
25 Jun 2026,FT,Ecuador,2,0,Germany,1,0,FIFA World Cup 2026™,First Stage,New York/New Jersey Stadium
25 Jun 2026,FT,South_Africa,1,0,Korea_Republic,0,0,FIFA World Cup 2026™,First Stage,Monterrey Stadium
25 Jun 2026,FT,Czechia,0,0,Mexico,3,1,FIFA World Cup 2026™,First Stage,Mexico City Stadium
24 Jun 2026,FT,Scotland,0,0,Brazil,3,0,FIFA World Cup 2026™,First Stage,Miami Stadium
24 Jun 2026,FT,Morocco,4,0,Haiti,2,0,FIFA World Cup 2026™,First Stage,Atlanta Stadium
24 Jun 2026,FT,Switzerland,2,0,Canada,1,1,FIFA World Cup 2026™,First Stage,BC Place Vancouver
24 Jun 2026,FT,Bosnia_and_Herzegovina,3,0,Qatar,1,0,FIFA World Cup 2026™,First Stage,Seattle Stadium
24 Jun 2026,FT,Colombia,1,0,Congo_DR,0,0,FIFA World Cup 2026™,First Stage,Guadalajara Stadium
23 Jun 2026,FT,Panama,0,0,Croatia,1,0,FIFA World Cup 2026™,First Stage,Toronto Stadium
23 Jun 2026,FT,England,0,0,Ghana,0,0,FIFA World Cup 2026™,First Stage,Boston Stadium
23 Jun 2026,FT,Portugal,5,0,Uzbekistan,0,0,FIFA World Cup 2026™,First Stage,Houston Stadium
23 Jun 2026,FT,Jordan,1,0,Algeria,2,0,FIFA World Cup 2026™,First Stage,San Francisco Bay Area Stadium
23 Jun 2026,FT,Norway,3,0,Senegal,2,0,FIFA World Cup 2026™,First Stage,New York/New Jersey Stadium
22 Jun 2026,FT,France,3,0,Iraq,0,0,FIFA World Cup 2026™,First Stage,Philadelphia Stadium
22 Jun 2026,FT,Argentina,2,0,Austria,0,0,FIFA World Cup 2026™,First Stage,Dallas Stadium
22 Jun 2026,FT,New_Zealand,1,0,Egypt,3,0,FIFA World Cup 2026™,First Stage,BC Place Vancouver
21 Jun 2026,FT,Uruguay,2,0,Cabo_Verde,2,0,FIFA World Cup 2026™,First Stage,Miami Stadium
21 Jun 2026,FT,Belgium,0,0,IR_Iran,0,0,FIFA World Cup 2026™,First Stage,Los Angeles Stadium
21 Jun 2026,FT,Spain,4,0,Saudi_Arabia,0,0,FIFA World Cup 2026™,First Stage,Atlanta Stadium
21 Jun 2026,FT,Tunisia,0,0,Japan,4,0,FIFA World Cup 2026™,First Stage,Monterrey Stadium
21 Jun 2026,FT,Ecuador,0,0,Curaçao,0,0,FIFA World Cup 2026™,First Stage,Kansas City Stadium
20 Jun 2026,FT,Germany,2,0,Côte_d_Ivoire,1,0,FIFA World Cup 2026™,First Stage,Toronto Stadium
20 Jun 2026,FT,Netherlands,5,0,Sweden,1,0,FIFA World Cup 2026™,First Stage,Houston Stadium
20 Jun 2026,FT,Türkiye,0,0,Paraguay,1,0,FIFA World Cup 2026™,First Stage,San Francisco Bay Area Stadium
20 Jun 2026,FT,Brazil,3,0,Haiti,0,0,FIFA World Cup 2026™,First Stage,Philadelphia Stadium
19 Jun 2026,FT,Scotland,0,0,Morocco,1,0,FIFA World Cup 2026™,First Stage,Boston Stadium
19 Jun 2026,FT,USA,2,1,Australia,0,0,FIFA World Cup 2026™,First Stage,Seattle Stadium
19 Jun 2026,FT,Mexico,1,1,Korea_Republic,0,0,FIFA World Cup 2026™,First Stage,Guadalajara Stadium
18 Jun 2026,FT,Canada,6,1,Qatar,0,0,FIFA World Cup 2026™,First Stage,BC Place Vancouver
18 Jun 2026,FT,Switzerland,4,0,Bosnia_and_Herzegovina,1,0,FIFA World Cup 2026™,First Stage,Los Angeles Stadium
18 Jun 2026,FT,Czechia,1,0,South_Africa,1,0,FIFA World Cup 2026™,First Stage,Atlanta Stadium
18 Jun 2026,FT,Uzbekistan,1,0,Colombia,3,0,FIFA World Cup 2026™,First Stage,Mexico City Stadium
17 Jun 2026,FT,Ghana,1,0,Panama,0,0,FIFA World Cup 2026™,First Stage,Toronto Stadium
17 Jun 2026,FT,England,4,0,Croatia,2,0,FIFA World Cup 2026™,First Stage,Dallas Stadium
17 Jun 2026,FT,Portugal,1,0,Congo_DR,1,0,FIFA World Cup 2026™,First Stage,Houston Stadium
17 Jun 2026,FT,Austria,3,0,Jordan,1,0,FIFA World Cup 2026™,First Stage,San Francisco Bay Area Stadium
17 Jun 2026,FT,Argentina,3,0,Algeria,0,0,FIFA World Cup 2026™,First Stage,Kansas City Stadium
16 Jun 2026,FT,Iraq,1,0,Norway,4,0,FIFA World Cup 2026™,First Stage,Boston Stadium
16 Jun 2026,FT,France,3,0,Senegal,1,0,FIFA World Cup 2026™,First Stage,New York/New Jersey Stadium
16 Jun 2026,FT,IR_Iran,2,0,New_Zealand,2,0,FIFA World Cup 2026™,First Stage,Los Angeles Stadium
15 Jun 2026,FT,Saudi_Arabia,1,0,Uruguay,1,0,FIFA World Cup 2026™,First Stage,Miami Stadium
15 Jun 2026,FT,Belgium,1,0,Egypt,1,0,FIFA World Cup 2026™,First Stage,Seattle Stadium
15 Jun 2026,FT,Spain,0,0,Cabo_Verde,0,0,FIFA World Cup 2026™,First Stage,Atlanta Stadium
15 Jun 2026,FT,Sweden,5,0,Tunisia,1,0,FIFA World Cup 2026™,First Stage,Monterrey Stadium
14 Jun 2026,FT,Côte_d_Ivoire,1,0,Ecuador,0,0,FIFA World Cup 2026™,First Stage,Philadelphia Stadium
14 Jun 2026,FT,Netherlands,2,0,Japan,2,0,FIFA World Cup 2026™,First Stage,Dallas Stadium
14 Jun 2026,FT,Germany,7,0,Curaçao,1,0,FIFA World Cup 2026™,First Stage,Houston Stadium
14 Jun 2026,FT,Australia,2,0,Türkiye,0,0,FIFA World Cup 2026™,First Stage,BC Place Vancouver
14 Jun 2026,FT,Haiti,0,0,Scotland,1,0,FIFA World Cup 2026™,First Stage,Boston Stadium
13 Jun 2026,FT,Brazil,1,0,Morocco,1,0,FIFA World Cup 2026™,First Stage,New York/New Jersey Stadium
13 Jun 2026,FT,Qatar,1,0,Switzerland,1,0,FIFA World Cup 2026™,First Stage,San Francisco Bay Area Stadium
13 Jun 2026,FT,USA,4,1,Paraguay,1,0,FIFA World Cup 2026™,First Stage,Los Angeles Stadium
12 Jun 2026,FT,Canada,1,1,Bosnia_and_Herzegovina,1,0,FIFA World Cup 2026™,First Stage,Toronto Stadium
12 Jun 2026,FT,Korea_Republic,2,0,Czechia,1,0,FIFA World Cup 2026™,First Stage,Guadalajara Stadium
11 Jun 2026,FT,Mexico,2,1,South_Africa,0,0,FIFA World Cup 2026™,First Stage,Mexico City Stadium
10 Jun 2026,FT,England,3,0,Costa_Rica,0,0,Friendly 2026,-,Inter&Co Stadium
10 Jun 2026,FT,Portugal,2,1,Nigeria,1,0,Friendly 2026,-,Estádio Dr. Magalhães Pessoa
10 Jun 2026,FT,Pakistan,2,0,Afghanistan,0,0,Diamond Jubilee International Football Tournament,Second stage,Rasmee Dhandu (Galolhu) National Stadium
10 Jun 2026,FT,Venezuela,2,0,Iraq,0,0,Friendly 2026,-,Toyota Park
10 Jun 2026,FT,Argentina,3,0,Iceland,0,0,Friendly 2026,-,Pat Dye Field at Jordan–Hare Stadium
09 Jun 2026,FT,Senegal,0,0,Saudi_Arabia,0,0,Friendly 2026,-,Toyota Field
09 Jun 2026,FT,Liberia,3,1,Sierra_Leone,1,0,Friendly 2026,-,Samuel Kanyon Doe Sports Complex
09 Jun 2026,FT,Benin,1,0,Togo,5,0,Friendly 2026,-,Stade El Bachir
09 Jun 2026,FT,Azerbaijan,2,0,San_Marino,1,0,Friendly 2026,-,Haladás Sportkomplexum
09 Jun 2026,FT,Angola,3,0,Central_African_Republic,0,0,Friendly 2026,-,Stade Larbi Zaouli
09 Jun 2026,FT,Russia,3,1,Trinidad_and_Tobago,0,0,Friendly 2026,-,Kaliningrad Stadium
09 Jun 2026,FT,Hungary,3,1,Kazakhstan,1,0,Friendly 2026,-,Nagyerdei Stadion
09 Jun 2026,FT,Belarus,2,1,Burkina_Faso,2,0,Friendly 2026,-,New National Stadium
09 Jun 2026,FT,Congo_DR,1,0,Chile,2,0,Friendly 2026,-,Stade de la Source
09 Jun 2026,FT,Estonia,1,1,Lithuania,0,0,Baltic Cup 2026,Second stage,A. Le Coq Arena
09 Jun 2026,FT,Ethiopia,1,1,Malawi,1,0,Friendly 2026,-,Dire Dawa Stadium
09 Jun 2026,FT,Armenia,1,1,Moldova,1,0,Friendly 2026,-,Vazgen Sargsyan Republican Stadium
09 Jun 2026,FT,Tajikistan,1,1,India,1,0,Friendly 2026,-,Hisor Central Stadium
09 Jun 2026,FT,Latvia,0,1,Faroe_Islands,1,0,Baltic Cup 2026,Second stage,LNK Sporta Parks
09 Jun 2026,FT,Kyrgyz_Republic,0,1,Palestine,0,0,Friendly 2026,-,Dolen Omurzakov Stadium
09 Jun 2026,FT,Indonesia,1,1,Mozambique,0,0,Friendly 2026,-,Gelora Bung Karno Stadium
09 Jun 2026,FT,Cambodia,2,1,Hong_Kong,0,0,Friendly 2026,-,National Sports Complex (Olympic Stadium)
09 Jun 2026,FT,China_PR,0,1,Thailand,0,0,Friendly 2026,-,Jinhua Sports Center
09 Jun 2026,FT,Philippines,5,1,Myanmar,1,0,Three Nations Tournament - Philippines 2026,Tournament,Rizal Memorial Stadium
09 Jun 2026,FT,Timor-Leste,3,0,Brunei,1,0,ASEAN Hyundai Cup 2026,Qualifying Round,KLFA Stadium
09 Jun 2026,FT,Vanuatu,2,1,Fiji,2,0,Friendly 2026,-,Freshwater Stadium
09 Jun 2026,FT,Spain,3,0,Peru,1,0,Friendly 2026,-,Estadio Cuauhtemoc
08 Jun 2026,FT,France,3,1,Northern_Ireland,1,0,Friendly 2026,-,Decathlon Arena Stade Pierre Mauroy
08 Jun 2026,FT,Niger,0,0,Mauritania,1,0,Friendly 2026,-,Stade Père Jégo
08 Jun 2026,FT,Netherlands,2,0,Uzbekistan,1,0,Friendly 2026,-,Icahn Stadium
08 Jun 2026,FT,Sri_Lanka,4,0,Bhutan,1,0,Friendly 2026,-,NT Stadium
07 Jun 2026,FT,Colombia,2,0,Jordan,0,0,Friendly 2026,-,Snapdragon Stadium
07 Jun 2026,FT,Norway,1,0,Morocco,1,0,Friendly 2026,-,Red Bull Arena
07 Jun 2026,FT,Ecuador,3,0,Guatemala,0,0,Friendly 2026,-,Lower.com Field
07 Jun 2026,FT,Greece,0,1,Italy,1,0,Friendly 2026,-,Pankritio Stadium
07 Jun 2026,FT,Croatia,2,1,Slovenia,1,0,Friendly 2026,-,Anđelko Herjavec Stadium
07 Jun 2026,FT,Kosovo,3,1,Andorra,0,0,Friendly 2026,-,Fadil Vokrri Stadium
07 Jun 2026,FT,Lesotho,0,0,Kenya,4,0,Friendly 2026,-,Lucas 'Masterpieces' Moripe Stadium
07 Jun 2026,FT,Liechtenstein,0,1,Cyprus,2,0,Friendly 2026,-,Rheinpark Stadion
07 Jun 2026,FT,Afghanistan,0,0,Pakistan,2,0,Diamond Jubilee International Football Tournament,First stage,Rasmee Dhandu (Galolhu) National Stadium
07 Jun 2026,FT,Curaçao,4,1,Aruba,0,0,Friendly 2026,-,Ergilio Hato Stadium
07 Jun 2026,FT,Argentina,2,0,Honduras,0,0,Friendly 2026,-,Kyle Field
06 Jun 2026,FT,Brazil,2,0,Egypt,1,0,Friendly 2026,-,Huntington Bank Field
06 Jun 2026,FT,Venezuela,1,0,Türkiye,2,0,Friendly 2026,-,DRV PNK Stadium
06 Jun 2026,FT,Bolivia,0,0,Scotland,4,0,Friendly 2026,-,Red Bull Arena
06 Jun 2026,FT,Bermuda,0,0,Cabo_Verde,3,0,Friendly 2026,-,Pratt & Whitney Stadium at Rentschler Field
06 Jun 2026,FT,El_Salvador,0,0,Qatar,0,0,Friendly 2026,-,BMO Stadium
06 Jun 2026,FT,England,1,0,New_Zealand,0,0,Friendly 2026,-,Raymond James Stadium
06 Jun 2026,FT,Switzerland,1,0,Australia,1,0,Friendly 2026,-,Snapdragon Stadium
06 Jun 2026,FT,Bosnia_and_Herzegovina,1,0,Panama,1,0,Friendly 2026,-,Energizer Park
06 Jun 2026,FT,USA,1,1,Germany,2,0,Friendly 2026,-,Soldier Field
06 Jun 2026,FT,Albania,0,1,Luxembourg,1,0,Friendly 2026,-,Air Albania Stadium
06 Jun 2026,FT,Portugal,2,1,Chile,1,0,Friendly 2026,-,Estádio Nacional
06 Jun 2026,FT,Romania,2,1,Wales,1,0,Friendly 2026,-,Stadionul Steaua
06 Jun 2026,FT,Gibraltar,4,1,Cayman_Islands,1,0,Friendly 2026,-,Europa Point Stadium
06 Jun 2026,FT,Sierra_Leone,1,1,Liberia,0,0,Friendly 2026,-,Southern Arena Stadium
06 Jun 2026,FT,Ethiopia,1,1,Malawi,0,0,Friendly 2026,-,Dire Dawa Stadium
06 Jun 2026,FT,Estonia,1,1,Faroe_Islands,0,0,Baltic Cup 2026,First stage,Pärnu Rannastaadion
06 Jun 2026,FT,Kyrgyz_Republic,0,1,Palestine,0,0,Friendly 2026,-,Dolen Omurzakov Stadium
06 Jun 2026,FT,Armenia,1,1,Kazakhstan,1,0,Friendly 2026,-,Vazgen Sargsyan Republican Stadium
06 Jun 2026,FT,Belgium,5,1,Tunisia,0,0,Friendly 2026,-,Stade Roi Baudouin
06 Jun 2026,FT,Lithuania,1,1,Latvia,1,0,Baltic Cup 2026,First stage,S. Darius & S. Girenas Stadium
06 Jun 2026,FT,Myanmar,6,0,Guam,1,0,Three Nations Tournament - Philippines 2026,Tournament,Rizal Memorial Stadium
06 Jun 2026,FT,Vanuatu,2,1,Fiji,1,0,Friendly 2026,-,Freshwater Stadium
06 Jun 2026,FT,Puerto_Rico,0,0,Saudi_Arabia,3,0,Friendly 2026,-,Q2 Stadium
06 Jun 2026,FT,Peru,2,0,Haiti,1,0,Friendly 2026,-,Nu Stadium
05 Jun 2026,FT,Canada,1,1,Republic_of_Ireland,1,0,Friendly 2026,-,Saputo Stadium
05 Jun 2026,FT,Paraguay,4,1,Nicaragua,0,0,Friendly 2026,-,Estadio Defensores del Chaco
05 Jun 2026,FT,Angola,1,0,Mauritania,1,0,Friendly 2026,-,Stade Larbi Zaouli
05 Jun 2026,FT,Benin,1,0,Niger,1,0,Friendly 2026,-,Stade Père Jégo
05 Jun 2026,FT,Togo,1,0,Central_African_Republic,1,0,Friendly 2026,-,Stade El Bachir
05 Jun 2026,FT,Azerbaijan,0,0,Malta,2,0,Friendly 2026,-,Haladás Sportkomplexum
05 Jun 2026,FT,Hungary,2,1,Finland,1,0,Friendly 2026,-,Puskás Aréna
05 Jun 2026,FT,Russia,3,1,Burkina_Faso,0,0,Friendly 2026,-,Central Stadium
05 Jun 2026,FT,San_Marino,1,1,Bangladesh,2,0,Friendly 2026,-,San Marino Stadium
05 Jun 2026,FT,Moldova,2,1,Bulgaria,2,0,Friendly 2026,-,Zimbru Stadium
05 Jun 2026,FT,Slovakia,2,1,Montenegro,2,0,Friendly 2026,-,Košická futbalová Aréna
05 Jun 2026,FT,Belarus,4,1,Syria,1,0,Friendly 2026,-,New National Stadium
05 Jun 2026,FT,Georgia,2,1,Bahrain,0,0,Friendly 2026,-,Mikheil Meskhi Stadium (Lokomotivi)
05 Jun 2026,FT,Tajikistan,3,1,India,1,0,Friendly 2026,-,Metallurg Stadium
05 Jun 2026,FT,Indonesia,3,1,Oman,0,0,Friendly 2026,-,Gelora Bung Karno Stadium
05 Jun 2026,FT,Thailand,2,1,Kuwait,2,0,Friendly 2026,-,True BG Stadium
05 Jun 2026,FT,Hong_Kong,2,1,Mongolia,0,0,Friendly 2026,-,Hong Kong Stadium
05 Jun 2026,FT,Singapore,1,1,China_PR,2,0,Friendly 2026,-,Jalan Besar Stadium
05 Jun 2026,FT,Mexico,5,1,Serbia,1,0,Friendly 2026,-,Bombonera - Estadio Nemesio Diez
05 Jun 2026,FT,Guatemala,1,0,Czechia,3,0,Friendly 2026,-,Red Bull Arena
04 Jun 2026,FT,France,1,0,Côte_d_Ivoire,2,0,Friendly 2026,-,-
04 Jun 2026,FT,Spain,1,1,Iraq,1,0,Friendly 2026,-,Estadio Municipal de Riazor
04 Jun 2026,FT,Sweden,2,1,Greece,2,0,Friendly 2026,-,Friends Arena
04 Jun 2026,FT,Andorra,2,1,Liechtenstein,0,0,Friendly 2026,-,Nou Estadi a Encamp
04 Jun 2026,FT,Mali,0,0,IR_Iran,2,0,Friendly 2026,-,Mardan Sports Complex
04 Jun 2026,FT,Northern_Ireland,1,0,Guinea,0,0,Friendly 2026,-,Estadio Municipal de La Línea de la Concepción
04 Jun 2026,FT,Slovenia,1,1,Cyprus,1,0,Friendly 2026,-,Stožice Stadium
04 Jun 2026,FT,Lebanon,0,0,Yemen,2,0,Asian Nations Cup 2027 Prel. Comp.,Round Three,Grand Hamad Stadium
04 Jun 2026,FT,Lesotho,1,0,Kenya,1,0,Friendly 2026,-,Lucas 'Masterpieces' Moripe Stadium
04 Jun 2026,FT,Cambodia,4,1,Bhutan,0,0,Friendly 2026,-,National Sports Complex (Olympic Stadium)
04 Jun 2026,FT,Maldives,0,1,Pakistan,3,0,Diamond Jubilee International Football Tournament,First stage,Rasmee Dhandu (Galolhu) National Stadium
04 Jun 2026,FT,Korea_Republic,1,0,El_Salvador,0,0,Friendly 2026,-,BYU South Field
04 Jun 2026,FT,Panama,4,1,Dominican_Republic,2,0,Friendly 2026,-,Estadio Rommel Fernandez
03 Jun 2026,FT,Netherlands,0,1,Algeria,1,0,Friendly 2026,-,De Kuip
03 Jun 2026,FT,Luxembourg,0,1,Italy,1,0,Friendly 2026,-,Stade de Luxembourg
03 Jun 2026,FT,Poland,2,1,Nigeria,2,0,Friendly 2026,-,PGE Narodowy (National Stadium)
03 Jun 2026,FT,Albania,0,1,Israel,1,0,Friendly 2026,-,Air Albania Stadium
03 Jun 2026,FT,Congo_DR,0,0,Denmark,0,0,Friendly 2026,-,Sclessin - Stade Maurice Dufrasne
03 Jun 2026,FT,Gibraltar,4,1,British_Virgin_Islands,0,0,Friendly 2026,-,Europa Point Stadium
03 Jun 2026,FT,Philippines,5,1,Guam,1,0,Three Nations Tournament - Philippines 2026,Tournament,Rizal Memorial Stadium
03 Jun 2026,FT,Haiti,4,0,New_Zealand,0,0,Friendly 2026,-,DRV PNK Stadium
02 Jun 2026,FT,Wales,1,1,Ghana,1,0,Friendly 2026,-,Cardiff City Stadium
02 Jun 2026,FT,Morocco,4,1,Madagascar,0,0,Friendly 2026,-,Prince Moulay Abdellah Stadium
02 Jun 2026,FT,Georgia,1,1,Romania,1,0,Friendly 2026,-,Mikheil Meskhi Stadium (Lokomotivi)
02 Jun 2026,FT,Croatia,0,1,Belgium,2,0,Friendly 2026,-,Stadion HNK Rijeka
02 Jun 2026,FT,Canada,2,1,Uzbekistan,0,0,Friendly 2026,-,Commonwealth Stadium
01 Jun 2026,FT,Colombia,3,1,Costa_Rica,1,0,Friendly 2026,-,Estadio Nemesio Camacho 'El Campin'
01 Jun 2026,FT,Austria,1,1,Tunisia,0,0,Friendly 2026,-,Ernst Happel Stadium
01 Jun 2026,FT,Türkiye,4,1,North_Macedonia,0,0,Friendly 2026,-,Şükrü Saracoğlu Stadium
01 Jun 2026,FT,Norway,3,1,Sweden,1,0,Friendly 2026,-,Ullevaal Stadium
01 Jun 2026,FT,Maldives,0,1,Afghanistan,1,0,Diamond Jubilee International Football Tournament,First stage,Rasmee Dhandu (Galolhu) National Stadium
01 Jun 2026,FT,Bulgaria,0,1,Montenegro,1,0,Friendly 2026,-,Hristo Botev Stadium
01 Jun 2026,FT,Slovakia,2,1,Malta,1,0,Friendly 2026,-,MOL Arena
31 May 2026,FT,Brazil,6,1,Panama,2,0,Friendly 2026,-,Maracanã - Estádio Jornalista Mário Filho
31 May 2026,FT,USA,3,1,Senegal,2,0,Friendly 2026,-,Bank of America Stadium
31 May 2026,FT,Germany,4,1,Finland,0,0,Friendly 2026,-,MEWA Arena
31 May 2026,FT,Poland,0,1,Ukraine,2,0,Friendly 2026,-,Municipal Stadium
31 May 2026,FT,Cabo_Verde,3,0,Serbia,0,0,Friendly 2026,-,Estádio do Restelo
31 May 2026,FT,Czechia,2,1,Kosovo,1,0,Friendly 2026,-,Generali Arena
31 May 2026,FT,Switzerland,4,1,Jordan,1,0,Friendly 2026,-,Kybunpark
31 May 2026,FT,Singapore,4,1,Mongolia,0,0,Friendly 2026,-,Jalan Besar Stadium
31 May 2026,FT,Japan,1,1,Iceland,0,0,Friendly 2026,-,Olympic Stadium
31 May 2026,FT,Mexico,1,0,Australia,0,0,Friendly 2026,-,Rose Bowl Stadium
31 May 2026,FT,Saudi_Arabia,1,0,Ecuador,2,0,Friendly 2026,-,Red Bull Arena
31 May 2026,FT,Korea_Republic,5,0,Trinidad_and_Tobago,0,0,Friendly 2026,-,BYU South Field
30 May 2026,FT,Nigeria,3,0,Jamaica,0,0,The Unity Cup 2026,Tournament,The Valley
30 May 2026,FT,Zimbabwe,1,0,India,0,0,The Unity Cup 2026,Tournament,The Valley
30 May 2026,FT,Scotland,4,1,Curaçao,1,0,Friendly 2026,-,Hampden Park
29 May 2026,FT,Bosnia_and_Herzegovina,0,1,North_Macedonia,0,0,Friendly 2026,-,Asim Ferhatovic Hase Stadium
29 May 2026,FT,South_Africa,0,1,Nicaragua,0,0,Friendly 2026,-,Orlando Stadium
29 May 2026,FT,Iraq,1,0,Andorra,0,0,Friendly 2026,-,Estadi Municipal de Montilivi
29 May 2026,FT,IR_Iran,3,0,The_Gambia,1,0,Friendly 2026,-,Mardan Sports Complex
28 May 2026,FT,Republic_of_Ireland,1,1,Qatar,0,0,Friendly 2026,-,Aviva Stadium
28 May 2026,FT,Egypt,1,1,Russia,0,0,Friendly 2026,-,Cairo International Stadium
27 May 2026,FT,Jamaica,2,0,India,0,0,The Unity Cup 2026,Tournament,The Valley
26 May 2026,FT,Nigeria,2,0,Zimbabwe,0,0,The Unity Cup 2026,Tournament,The Valley
23 May 2026,FT,Mexico,2,1,Ghana,0,0,Friendly 2026,-,Estadio Cuauhtemoc
16 May 2026,FT,Republic_of_Ireland,5,0,Grenada,0,0,Friendly 2026,-,Estadio Nueva Condomina
01 Apr 2026,FT,Iraq,2,0,Bolivia,1,0,FIFA World Cup 2026™ Play-Off Tournament,Play-offs,Monterrey Stadium
01 Apr 2026,FT,Mexico,1,0,Belgium,1,0,Friendly 2026,-,Soldier Field
01 Apr 2026,FT,Brazil,3,0,Croatia,1,0,Friendly 2026,-,Camping World Stadium
31 Mar 2026,FT,Canada,0,1,Tunisia,0,0,Friendly 2026,-,Toronto Stadium
31 Mar 2026,FT,Argentina,5,1,Zambia,0,0,Friendly 2026,-,La Bombonera - Estadio Alberto J. Armando
31 Mar 2026,FT,USA,0,1,Portugal,2,0,Friendly 2026,-,Atlanta Stadium
31 Mar 2026,FT,Congo_DR,1,0,Jamaica,0,0,FIFA World Cup 2026™ Play-Off Tournament,Play-offs,Guadalajara Stadium
31 Mar 2026,FT,Senegal,3,1,The_Gambia,1,0,Friendly 2026,-,Stade Me Abdoulaye Wade
31 Mar 2026,FT,Burkina_Faso,1,1,Guinea-Bissau,1,0,Friendly 2026,-,Stade du 4 aout
31 Mar 2026,FT,Spain,0,1,Egypt,0,0,Friendly 2026,-,RCDE Stadium
31 Mar 2026,FT,Slovakia,2,1,Romania,0,0,Friendly 2026,-,Národný futbalový štadión
31 Mar 2026,FT,Ukraine,1,0,Albania,0,0,Friendly 2026,-,Estadi Ciutat de València
31 Mar 2026,FT,Republic_of_Ireland,0,1,North_Macedonia,0,0,Friendly 2026,-,Aviva Stadium
31 Mar 2026,FT,Wales,1,1,Northern_Ireland,1,0,Friendly 2026,-,Cardiff City Stadium
31 Mar 2026,FT,Austria,1,1,Korea_Republic,0,0,Friendly 2026,-,Ernst Happel Stadium
31 Mar 2026,FT,England,0,1,Japan,1,0,Friendly 2026,-,Wembley Stadium
31 Mar 2026,FT,Netherlands,1,1,Ecuador,1,0,Friendly 2026,-,Philips Stadion
31 Mar 2026,FT,Kosovo,0,1,Türkiye,1,0,FIFA World Cup 26™ UEFA Qualifiers,Round Two,Fadil Vokrri Stadium
31 Mar 2026,FT,Czechia,2,1,Denmark,2,0,FIFA World Cup 26™ UEFA Qualifiers,Round Two,Generali Arena
31 Mar 2026,FT,Sweden,3,1,Poland,2,0,FIFA World Cup 26™ UEFA Qualifiers,Round Two,Friends Arena
31 Mar 2026,FT,Bosnia_and_Herzegovina,1,1,Italy,1,0,FIFA World Cup 26™ UEFA Qualifiers,Round Two,Bilino Polje Stadium
31 Mar 2026,FT,Algeria,0,0,Uruguay,0,0,Friendly 2026,-,Allianz Stadium
31 Mar 2026,FT,Scotland,0,0,Côte_d_Ivoire,1,0,Friendly 2026,-,Hill Dickinson Stadium
31 Mar 2026,FT,Peru,2,0,Honduras,2,0,Friendly 2026,-,Estadio Municipal de Butarque
31 Mar 2026,FT,Guinea,0,0,Benin,1,0,Friendly 2026,-,Stade Larbi Zaouli
31 Mar 2026,FT,Morocco,2,0,Paraguay,1,0,Friendly 2026,-,Stade Felix Bollaert
31 Mar 2026,FT,South_Africa,1,1,Panama,2,0,Friendly 2026,-,Cape Town Stadium
31 Mar 2026,FT,Jordan,2,0,Nigeria,2,0,Friendly 2026,-,Mardan Sports Complex
31 Mar 2026,FT,Haiti,1,0,Iceland,1,0,Friendly 2026,-,Toronto Stadium
31 Mar 2026,FT,Hungary,0,1,Greece,0,0,Friendly 2026,-,Puskás Aréna
31 Mar 2026,FT,Russia,0,1,Mali,0,0,Friendly 2026,-,Krestovsky Stadium
31 Mar 2026,FT,Syria,5,0,Afghanistan,1,0,Asian Nations Cup 2027 Prel. Comp.,Round Three,-
31 Mar 2026,FT,Norway,0,1,Switzerland,0,0,Friendly 2026,-,Ullevaal Stadium
31 Mar 2026,FT,Serbia,2,1,Saudi_Arabia,1,0,Friendly 2026,-,TSC Arena
31 Mar 2026,FT,Montenegro,2,1,Slovenia,3,0,Friendly 2026,-,Podgorica City Stadium
31 Mar 2026,FT,San_Marino,0,1,Andorra,0,0,Friendly 2026,-,San Marino Stadium
31 Mar 2026,FT,Luxembourg,3,1,Malta,0,0,UEFA Nations League 2024/25,Promotion/relegation play-offs,Stade de Luxembourg
31 Mar 2026,FT,Latvia,1,1,Gibraltar,0,0,UEFA Nations League 2024/25,Promotion/relegation play-offs,Skonto Stadium
31 Mar 2026,FT,Liberia,2,0,Libya,2,0,Friendly 2026,-,Stade Larbi Zaouli
31 Mar 2026,FT,Niger,0,0,Togo,1,0,Friendly 2026,-,Stade Père Jégo
31 Mar 2026,FT,Mauritius,0,1,Somalia,0,0,CAN 2027 Prel. Comp.,Preliminary round,Côte d'Or National Sports Complex
31 Mar 2026,FT,Eswatini,1,1,Eritrea,2,0,CAN 2027 Prel. Comp.,Preliminary round,Somhlolo National Stadium
31 Mar 2026,FT,Tajikistan,1,0,Philippines,1,0,Asian Nations Cup 2027 Prel. Comp.,Round Three,-
31 Mar 2026,FT,India,2,0,Hong_Kong,1,0,Asian Nations Cup 2027 Prel. Comp.,Round Three,-
31 Mar 2026,FT,Malawi,0,0,Botswana,1,1,Four Nations Tournament - Botswana 2026,Tournament,Obed Itani Chilume Stadium
31 Mar 2026,FT,IR_Iran,5,0,Costa_Rica,0,0,Friendly 2026,-,Mardan Sports Complex
31 Mar 2026,FT,Ethiopia,1,1,São_Tomé_and_Príncipe,0,0,CAN 2027 Prel. Comp.,Preliminary round,Dire Dawa Stadium
31 Mar 2026,FT,Burundi,4,1,Chad,0,0,CAN 2027 Prel. Comp.,Preliminary round,Stade Prince Louis Rwagasore
31 Mar 2026,FT,Thailand,2,0,Turkmenistan,1,0,Asian Nations Cup 2027 Prel. Comp.,Round Three,-
31 Mar 2026,FT,Bhutan,2,0,Brunei,1,0,Asian Nations Cup 2027 Prel. Comp.,Round Three,-
31 Mar 2026,FT,Kazakhstan,1,1,Comoros,0,0,FIFA Series 2026™ Kazakhstan,Tournament,Astana Arena
31 Mar 2026,FT,Nepal,0,0,Laos,1,0,Asian Nations Cup 2027 Prel. Comp.,Round Three,-
31 Mar 2026,FT,Vietnam,3,0,Malaysia,1,0,Asian Nations Cup 2027 Prel. Comp.,Round Three,-
31 Mar 2026,FT,Singapore,1,0,Bangladesh,0,0,Asian Nations Cup 2027 Prel. Comp.,Round Three,-
31 Mar 2026,FT,Chinese_Taipei,1,0,Sri_Lanka,3,0,Asian Nations Cup 2027 Prel. Comp.,Round Three,-
31 Mar 2026,FT,Maldives,2,0,Timor-Leste,1,0,Asian Nations Cup 2027 Prel. Comp.,Round Three,-
31 Mar 2026,FT,Australia,5,1,Curaçao,1,0,FIFA Series 2026™ Australia,Tournament,Melbourne Rectangular Stadium
31 Mar 2026,FT,Equatorial_Guinea,1,0,Madagascar,1,0,Friendly 2026,-,Arslan Zeki Demirci Sports Complex 1 (Emirhan Sports Centre)
31 Mar 2026,FT,Pakistan,1,0,Myanmar,2,0,Asian Nations Cup 2027 Prel. Comp.,Round Three,-
31 Mar 2026,FT,Cameroon,2,0,China_PR,0,0,FIFA Series 2026™ Australia,Tournament,Melbourne Rectangular Stadium
30 Mar 2026,FT,Guyana,3,0,Belize,1,0,CONCACAF Series 2025/26,March 2026,CFC Stadium
30 Mar 2026,FT,Germany,2,1,Ghana,1,0,Friendly 2026,-,Mercedes-Benz Arena
30 Mar 2026,FT,Rwanda,2,1,Estonia,0,0,FIFA Series 2026™ Rwanda,Tournament,Stade Amahoro (National Stadium)
30 Mar 2026,FT,Cyprus,3,1,Moldova,2,0,Friendly 2026,-,GSP Stadium
30 Mar 2026,FT,Azerbaijan,1,1,Sierra_Leone,1,0,FIFA Series 2026™ Azerbaijan,Tournament,Mehdi Huseynzade Stadium
30 Mar 2026,FT,Uzbekistan,0,1,Venezuela,0,0,FIFA Series 2026™ Uzbekistan,Tournament,Milliy Stadium
30 Mar 2026,FT,Grenada,0,0,Kenya,3,0,FIFA Series 2026™ Rwanda,Tournament,Stade Amahoro (National Stadium)
30 Mar 2026,FT,Indonesia,0,1,Bulgaria,1,0,FIFA Series 2026™ Indonesia,Tournament,Gelora Bung Karno Stadium
30 Mar 2026,FT,Trinidad_and_Tobago,2,0,Gabon,2,0,FIFA Series 2026™ Uzbekistan,Tournament,Pakhtakor Central Stadium
30 Mar 2026,FT,St._Kitts_and_Nevis,4,0,Solomon_Islands,2,0,FIFA Series 2026™ Indonesia,Tournament,Gelora Bung Karno Stadium
30 Mar 2026,FT,New_Zealand,4,1,Chile,1,0,FIFA Series 2026™ New Zealand,Tournament,Eden Park
30 Mar 2026,FT,Cabo_Verde,1,0,Finland,1,0,FIFA Series 2026™ New Zealand,Tournament,Eden Park
30 Mar 2026,FT,Cayman_Islands,1,1,Bahamas,0,0,CONCACAF Series 2025/26,March 2026,Truman Bodden Stadium
29 Mar 2026,FT,Dominican_Republic,1,1,Cuba,1,0,CONCACAF Series 2025/26,March 2026,CFC Stadium
29 Mar 2026,FT,British_Virgin_Islands,4,0,Anguilla,0,0,CONCACAF Series 2025/26,March 2026,Truman Bodden Stadium
29 Mar 2026,FT,Barbados,2,0,St._Vincent_/_Grenadines,3,0,CONCACAF Series 2025/26,March 2026,Stadion Antonio Trenidat
29 Mar 2026,FT,France,3,0,Colombia,1,0,Friendly 2026,-,Jack Kent Cooke Stadium
29 Mar 2026,FT,Aruba,4,0,Liechtenstein,1,0,FIFA Series 2026™ Rwanda,Tournament,Stade Régional de Nyamirambo
29 Mar 2026,FT,Lesotho,2,0,Seychelles,1,0,CAN 2027 Prel. Comp.,Preliminary round,Free State Stadium
29 Mar 2026,FT,Armenia,1,1,Belarus,2,0,Friendly 2026,-,Vazgen Sargsyan Republican Stadium
29 Mar 2026,FT,Lithuania,0,1,Georgia,2,0,Friendly 2026,-,S. Darius & S. Girenas Stadium
29 Mar 2026,FT,South_Sudan,0,1,Djibouti,1,0,CAN 2027 Prel. Comp.,Preliminary round,Juba Stadium
29 Mar 2026,FT,Macau,0,0,Tanzania,6,0,FIFA Series 2026™ Rwanda,Tournament,Stade Régional de Nyamirambo
29 Mar 2026,FT,Mexico,0,1,Portugal,0,0,Friendly 2026,-,Mexico City Stadium
29 Mar 2026,FT,Haiti,0,0,Tunisia,1,0,Friendly 2026,-,Toronto Stadium
29 Mar 2026,FT,US_Virgin_Islands,0,0,Puerto_Rico,2,1,FIFA Series 2026™ Puerto Rico,Tournament,Juan Ramon Loubriel Stadium
28 Mar 2026,FT,American_Samoa,0,0,Guam,6,0,FIFA Series 2026™ Puerto Rico,Tournament,Juan Ramon Loubriel Stadium
28 Mar 2026,FT,USA,2,1,Belgium,5,0,Friendly 2026,-,Atlanta Stadium
28 Mar 2026,FT,Burkina_Faso,5,1,Guinea-Bissau,0,0,Friendly 2026,-,Stade du 4 aout
28 Mar 2026,FT,Canada,2,1,Iceland,2,0,Friendly 2026,-,Toronto Stadium
28 Mar 2026,FT,Hungary,1,1,Slovenia,0,0,Friendly 2026,-,Puskás Aréna
28 Mar 2026,FT,Scotland,0,1,Japan,1,0,Friendly 2026,-,Hampden Park
28 Mar 2026,FT,Botswana,0,1,Zimbabwe,3,0,Four Nations Tournament - Botswana 2026,Tournament,Obed Itani Chilume Stadium
28 Mar 2026,FT,Peru,0,0,Senegal,2,0,Friendly 2026,-,Stade de France
28 Mar 2026,FT,San_Marino,1,1,Faroe_Islands,2,0,Friendly 2026,-,San Marino Stadium
28 Mar 2026,FT,Kyrgyz_Republic,2,0,Madagascar,5,0,Friendly 2026,-,Calista Sports Complex
28 Mar 2026,FT,Korea_Republic,0,0,Côte_d_Ivoire,4,0,Friendly 2026,-,Stadium MK
28 Mar 2026,FT,Namibia,0,0,Comoros,0,0,FIFA Series 2026™ Kazakhstan,Tournament,Astana Arena
27 Mar 2026,FT,Argentina,2,1,Mauritania,1,0,Friendly 2026,-,La Bombonera - Estadio Alberto J. Armando
27 Mar 2026,FT,Guyana,2,0,Dominica,0,0,CONCACAF Series 2025/26,March 2026,CFC Stadium
27 Mar 2026,FT,Morocco,1,0,Ecuador,1,0,Friendly 2026,-,Riyadh Air Metropolitano Stadium
27 Mar 2026,FT,Spain,3,1,Serbia,0,0,Friendly 2026,-,Estadio de la Cerámica
27 Mar 2026,FT,England,1,1,Uruguay,1,0,Friendly 2026,-,Wembley Stadium
27 Mar 2026,FT,Switzerland,3,1,Germany,4,0,Friendly 2026,-,St. Jakob-Park
27 Mar 2026,FT,Netherlands,2,1,Norway,1,0,Friendly 2026,-,Johan Cruyff Arena
27 Mar 2026,FT,Algeria,7,0,Guatemala,0,0,Friendly 2026,-,Estadio Luigi Ferraris
27 Mar 2026,FT,Greece,0,1,Paraguay,1,0,Friendly 2026,-,Karaiskaki Stadium
27 Mar 2026,FT,Rwanda,4,1,Grenada,0,0,FIFA Series 2026™ Rwanda,Tournament,Stade Amahoro (National Stadium)
27 Mar 2026,FT,Libya,0,0,Niger,0,0,Friendly 2026,-,Stade Larbi Zaouli
27 Mar 2026,FT,Saudi_Arabia,0,1,Egypt,4,0,Friendly 2026,-,King Abdullah Sports City Stadium
27 Mar 2026,FT,Jordan,2,0,Costa_Rica,2,0,Friendly 2026,-,Mardan Sports Complex
27 Mar 2026,FT,South_Africa,1,1,Panama,1,0,Friendly 2026,-,Moses Mabhida Stadium
27 Mar 2026,FT,Montenegro,2,1,Andorra,0,0,Friendly 2026,-,Podgorica City Stadium
27 Mar 2026,FT,Austria,5,1,Ghana,1,0,Friendly 2026,-,Ernst Happel Stadium
27 Mar 2026,FT,Russia,3,1,Nicaragua,1,0,Friendly 2026,-,Ozon Arena
27 Mar 2026,FT,São_Tomé_and_Príncipe,0,0,Ethiopia,3,0,CAN 2027 Prel. Comp.,Preliminary round,Stade El Abdi
27 Mar 2026,FT,Kenya,1,0,Estonia,1,0,FIFA Series 2026™ Rwanda,Tournament,Stade Amahoro (National Stadium)
27 Mar 2026,FT,Azerbaijan,6,1,St._Lucia,1,0,FIFA Series 2026™ Azerbaijan,Tournament,Mehdi Huseynzade Stadium
27 Mar 2026,FT,Benin,1,0,Liberia,0,0,Friendly 2026,-,Stade Père Jégo
27 Mar 2026,FT,Togo,2,0,Guinea,2,0,Friendly 2026,-,Stade Prince Héritier Moulay Hassan
27 Mar 2026,FT,Uzbekistan,3,1,Gabon,1,0,FIFA Series 2026™ Uzbekistan,Tournament,Milliy Stadium
27 Mar 2026,FT,Somalia,0,0,Mauritius,0,0,CAN 2027 Prel. Comp.,Preliminary round,Lalgy Arena (Campo da ABB)
27 Mar 2026,FT,Chad,0,1,Burundi,4,0,CAN 2027 Prel. Comp.,Preliminary round,Stade Olympique Maréchal Idriss Déby Itno
27 Mar 2026,FT,Indonesia,4,1,St._Kitts_and_Nevis,0,0,FIFA Series 2026™ Indonesia,Tournament,Gelora Bung Karno Stadium
27 Mar 2026,FT,IR_Iran,1,0,Nigeria,2,0,Friendly 2026,-,Mardan Sports Complex
27 Mar 2026,FT,Venezuela,4,0,Trinidad_and_Tobago,1,0,FIFA Series 2026™ Uzbekistan,Tournament,Pakhtakor Central Stadium
27 Mar 2026,FT,Australia,1,1,Cameroon,0,0,FIFA Series 2026™ Australia,Tournament,Stadium Australia
27 Mar 2026,FT,Solomon_Islands,2,0,Bulgaria,10,0,FIFA Series 2026™ Indonesia,Tournament,Gelora Bung Karno Stadium
27 Mar 2026,FT,New_Zealand,0,1,Finland,2,0,FIFA Series 2026™ New Zealand,Tournament,Eden Park
27 Mar 2026,FT,China_PR,2,0,Curaçao,0,0,FIFA Series 2026™ Australia,Tournament,Stadium Australia
27 Mar 2026,FT,Chile,4,0,Cabo_Verde,2,0,FIFA Series 2026™ New Zealand,Tournament,Eden Park
27 Mar 2026,FT,New_Caledonia,0,0,Jamaica,1,0,FIFA World Cup 2026™ Play-Off Tournament,Play-offs,Guadalajara Stadium
27 Mar 2026,FT,Cayman_Islands,1,1,British_Virgin_Islands,1,0,CONCACAF Series 2025/26,March 2026,Truman Bodden Stadium
27 Mar 2026,FT,Dominican_Republic,2,1,El_Salvador,2,0,CONCACAF Series 2025/26,March 2026,CFC Stadium
26 Mar 2026,FT,Colombia,1,0,Croatia,2,0,Friendly 2026,-,Camping World Stadium
26 Mar 2026,FT,Bolivia,2,0,Suriname,1,0,FIFA World Cup 2026™ Play-Off Tournament,Play-offs,Monterrey Stadium
26 Mar 2026,FT,Bahamas,1,0,Anguilla,3,0,CONCACAF Series 2025/26,March 2026,Truman Bodden Stadium
26 Mar 2026,FT,Brazil,1,0,France,2,0,Friendly 2026,-,Boston Stadium
26 Mar 2026,FT,Denmark,4,1,North_Macedonia,0,0,FIFA World Cup 26™ UEFA Qualifiers,Round Two,Parken Stadium
26 Mar 2026,FT,Poland,2,1,Albania,1,0,FIFA World Cup 26™ UEFA Qualifiers,Round Two,PGE Narodowy (National Stadium)
26 Mar 2026,FT,Italy,2,1,Northern_Ireland,0,0,FIFA World Cup 26™ UEFA Qualifiers,Round Two,New Balance Arena
26 Mar 2026,FT,Ukraine,1,0,Sweden,3,0,FIFA World Cup 26™ UEFA Qualifiers,Round Two,Estadi Ciutat de València
26 Mar 2026,FT,Slovakia,3,1,Kosovo,4,0,FIFA World Cup 26™ UEFA Qualifiers,Round Two,Národný futbalový štadión
26 Mar 2026,FT,Wales,1,1,Bosnia_and_Herzegovina,1,0,FIFA World Cup 26™ UEFA Qualifiers,Round Two,Cardiff City Stadium
26 Mar 2026,FT,Czechia,2,1,Republic_of_Ireland,2,0,FIFA World Cup 26™ UEFA Qualifiers,Round Two,Sinobo Stadium
26 Mar 2026,FT,Georgia,2,1,Israel,2,0,Friendly 2026,-,Mikheil Meskhi Stadium (Lokomotivi)
26 Mar 2026,FT,Cyprus,0,1,Belarus,1,0,Friendly 2026,-,GSP Stadium
26 Mar 2026,FT,Gibraltar,0,1,Latvia,1,0,UEFA Nations League 2024/25,Promotion/relegation play-offs,Europa Point Stadium
26 Mar 2026,FT,Malta,0,1,Luxembourg,2,0,UEFA Nations League 2024/25,Promotion/relegation play-offs,Ta'Qali National Stadium
26 Mar 2026,FT,Türkiye,1,1,Romania,0,0,FIFA World Cup 26™ UEFA Qualifiers,Round Two,Vodafone Park
26 Mar 2026,FT,Moldova,0,1,Lithuania,2,0,Friendly 2026,-,Zimbru Stadium
26 Mar 2026,FT,Tanzania,0,0,Liechtenstein,1,0,FIFA Series 2026™ Rwanda,Tournament,Stade Régional de Nyamirambo
26 Mar 2026,FT,Seychelles,0,0,Lesotho,0,0,CAN 2027 Prel. Comp.,Preliminary round,Free State Stadium
26 Mar 2026,FT,Djibouti,0,0,South_Sudan,4,1,CAN 2027 Prel. Comp.,Preliminary round,Juba Stadium
26 Mar 2026,FT,Vietnam,3,1,Bangladesh,0,0,Friendly 2026,-,Hang Day Stadium
26 Mar 2026,FT,Aruba,4,0,Macau,1,0,FIFA Series 2026™ Rwanda,Tournament,Stade Régional de Nyamirambo
26 Mar 2026,FT,Afghanistan,1,0,Myanmar,2,0,Asian Nations Cup 2027 Prel. Comp.,Round Three,Bashundhara Kings Arena
26 Mar 2026,FT,Puerto_Rico,4,1,Guam,0,0,FIFA Series 2026™ Puerto Rico,Tournament,Juan Ramon Loubriel Stadium
25 Mar 2026,FT,US_Virgin_Islands,5,0,American_Samoa,2,0,FIFA Series 2026™ Puerto Rico,Tournament,Juan Ramon Loubriel Stadium
25 Mar 2026,FT,Eritrea,2,0,Eswatini,0,0,CAN 2027 Prel. Comp.,Preliminary round,Stade d’Honneur
25 Mar 2026,FT,Kyrgyz_Republic,0,0,Equatorial_Guinea,1,0,Friendly 2026,-,Mardan Sports Complex
25 Mar 2026,FT,Kazakhstan,2,1,Namibia,0,0,FIFA Series 2026™ Kazakhstan,Tournament,Astana Arena
15 Mar 2026,FT,Bolivia,3,1,Trinidad_and_Tobago,0,0,Friendly 2026,-,Estadio Ramón Tahuichi Aguilera Costas
26 Feb 2026,FT,Mexico,4,1,Iceland,0,0,Friendly 2026,-,Estadio La Corregidora
25 Jan 2026,FT,Bolivia,0,1,Mexico,1,0,Friendly 2026,-,Estadio Ramón Tahuichi Aguilera Costas
23 Jan 2026,FT,Panama,0,1,Mexico,1,0,Friendly 2026,-,Estadio Rommel Fernandez
18 Jan 2026,FT,Bolivia,1,1,Panama,1,0,Friendly 2026,-,Estadio IV Centenario
18 Jan 2026,FT,Senegal,0,0,Morocco,3,1,Africa Cup of Nations 2025,Second stage,Prince Moulay Abdellah Stadium
17 Jan 2026,FT,Egypt,0,0,Nigeria,0,0,Africa Cup of Nations 2025,Second stage,Stade Mohamed V
14 Jan 2026,FT,Nigeria,0,0,Morocco,0,1,Africa Cup of Nations 2025,Second stage,Prince Moulay Abdellah Stadium
14 Jan 2026,FT,Senegal,1,0,Egypt,0,0,Africa Cup of Nations 2025,Second stage,Tangier Stadium
10 Jan 2026,FT,Egypt,3,0,Côte_d_Ivoire,2,0,Africa Cup of Nations 2025,Second stage,Agadir Stadium
10 Jan 2026,FT,Algeria,0,0,Nigeria,2,0,Africa Cup of Nations 2025,Second stage,Marrakech Stadium
09 Jan 2026,FT,Cameroon,0,0,Morocco,2,1,Africa Cup of Nations 2025,Second stage,Prince Moulay Abdellah Stadium
09 Jan 2026,FT,Mali,0,0,Senegal,1,0,Africa Cup of Nations 2025,Second stage,Tangier Stadium
06 Jan 2026,FT,Côte_d_Ivoire,3,0,Burkina_Faso,0,0,Africa Cup of Nations 2025,Second stage,Marrakech Stadium
06 Jan 2026,FT,Algeria,1,0,Congo_DR,0,0,Africa Cup of Nations 2025,Second stage,Stade Prince Héritier Moulay Hassan
05 Jan 2026,FT,Nigeria,4,0,Mozambique,0,0,Africa Cup of Nations 2025,Second stage,Complexe Sportif
05 Jan 2026,FT,Egypt,3,0,Benin,1,0,Africa Cup of Nations 2025,Second stage,Agadir Stadium
04 Jan 2026,FT,South_Africa,1,0,Cameroon,2,0,Africa Cup of Nations 2025,Second stage,Stade Al Medina
04 Jan 2026,FT,Morocco,1,1,Tanzania,0,0,Africa Cup of Nations 2025,Second stage,Prince Moulay Abdellah Stadium
03 Jan 2026,FT,Mali,1,0,Tunisia,1,0,Africa Cup of Nations 2025,Second stage,Stade Mohamed V
03 Jan 2026,FT,Senegal,3,0,Sudan,1,0,Africa Cup of Nations 2025,Second stage,Tangier Stadium
31 Dec 2025,FT,Gabon,2,0,Côte_d_Ivoire,3,0,Africa Cup of Nations 2025,First stage,Marrakech Stadium
31 Dec 2025,FT,Mozambique,1,0,Cameroon,2,0,Africa Cup of Nations 2025,First stage,Agadir Stadium
31 Dec 2025,FT,Sudan,0,0,Burkina_Faso,2,0,Africa Cup of Nations 2025,First stage,Stade Mohamed V
31 Dec 2025,FT,Equatorial_Guinea,1,0,Algeria,3,0,Africa Cup of Nations 2025,First stage,Stade Prince Héritier Moulay Hassan
30 Dec 2025,FT,Benin,0,0,Senegal,3,0,Africa Cup of Nations 2025,First stage,Tangier Stadium
30 Dec 2025,FT,Botswana,0,0,Congo_DR,3,0,Africa Cup of Nations 2025,First stage,Stade Al Medina
30 Dec 2025,FT,Tanzania,1,0,Tunisia,1,0,Africa Cup of Nations 2025,First stage,Olympic Stadium of Rabat
30 Dec 2025,FT,Uganda,1,0,Nigeria,3,0,Africa Cup of Nations 2025,First stage,Complexe Sportif
29 Dec 2025,FT,Comoros,0,0,Mali,0,0,Africa Cup of Nations 2025,First stage,Stade Mohamed V
29 Dec 2025,FT,Zambia,0,0,Morocco,3,1,Africa Cup of Nations 2025,First stage,Prince Moulay Abdellah Stadium
29 Dec 2025,FT,Zimbabwe,2,0,South_Africa,3,0,Africa Cup of Nations 2025,First stage,Marrakech Stadium
29 Dec 2025,FT,Angola,0,0,Egypt,0,0,Africa Cup of Nations 2025,First stage,Agadir Stadium
28 Dec 2025,FT,Côte_d_Ivoire,1,0,Cameroon,1,0,Africa Cup of Nations 2025,First stage,Marrakech Stadium
28 Dec 2025,FT,Algeria,1,0,Burkina_Faso,0,0,Africa Cup of Nations 2025,First stage,Stade Prince Héritier Moulay Hassan
28 Dec 2025,FT,Equatorial_Guinea,0,0,Sudan,1,0,Africa Cup of Nations 2025,First stage,Stade Mohamed V
28 Dec 2025,FT,Gabon,2,0,Mozambique,3,0,Africa Cup of Nations 2025,First stage,Agadir Stadium
27 Dec 2025,FT,Nigeria,3,0,Tunisia,2,0,Africa Cup of Nations 2025,First stage,Complexe Sportif
27 Dec 2025,FT,Uganda,1,0,Tanzania,1,0,Africa Cup of Nations 2025,First stage,Stade Al Medina
27 Dec 2025,FT,Senegal,1,0,Congo_DR,1,0,Africa Cup of Nations 2025,First stage,Tangier Stadium
27 Dec 2025,FT,Benin,1,0,Botswana,0,0,Africa Cup of Nations 2025,First stage,Olympic Stadium of Rabat
26 Dec 2025,FT,Morocco,1,1,Mali,1,0,Africa Cup of Nations 2025,First stage,Prince Moulay Abdellah Stadium
26 Dec 2025,FT,Zambia,0,0,Comoros,0,0,Africa Cup of Nations 2025,First stage,Stade Mohamed V
26 Dec 2025,FT,Egypt,1,0,South_Africa,0,0,Africa Cup of Nations 2025,First stage,Agadir Stadium
26 Dec 2025,FT,Angola,1,0,Zimbabwe,1,0,Africa Cup of Nations 2025,First stage,Marrakech Stadium
24 Dec 2025,FT,Cameroon,1,0,Gabon,0,0,Africa Cup of Nations 2025,First stage,Agadir Stadium
24 Dec 2025,FT,Côte_d_Ivoire,1,0,Mozambique,0,0,Africa Cup of Nations 2025,First stage,Marrakech Stadium
24 Dec 2025,FT,Algeria,3,0,Sudan,0,0,Africa Cup of Nations 2025,First stage,Stade Prince Héritier Moulay Hassan
24 Dec 2025,FT,Burkina_Faso,2,0,Equatorial_Guinea,1,0,Africa Cup of Nations 2025,First stage,Stade Mohamed V
23 Dec 2025,FT,Tunisia,3,0,Uganda,1,0,Africa Cup of Nations 2025,First stage,Olympic Stadium of Rabat
23 Dec 2025,FT,Nigeria,2,0,Tanzania,1,0,Africa Cup of Nations 2025,First stage,Complexe Sportif
23 Dec 2025,FT,Senegal,3,0,Botswana,0,0,Africa Cup of Nations 2025,First stage,Tangier Stadium
23 Dec 2025,FT,Congo_DR,1,0,Benin,0,0,Africa Cup of Nations 2025,First stage,Stade Al Medina
22 Dec 2025,FT,Egypt,2,0,Zimbabwe,1,0,Africa Cup of Nations 2025,First stage,Agadir Stadium
22 Dec 2025,FT,South_Africa,2,0,Angola,1,0,Africa Cup of Nations 2025,First stage,Marrakech Stadium
22 Dec 2025,FT,Mali,1,0,Zambia,1,0,Africa Cup of Nations 2025,First stage,Stade Mohamed V
21 Dec 2025,FT,Morocco,2,1,Comoros,0,0,Africa Cup of Nations 2025,First stage,Prince Moulay Abdellah Stadium
18 Dec 2025,FT,Jordan,2,0,Morocco,3,0,FIFA Arab Cup Qatar 2025™,Final,Lusail Stadium
16 Dec 2025,FT,Congo_DR,2,0,Zambia,0,0,Friendly 2025,-,Pinatar Arena Football Center
15 Dec 2025,FT,Saudi_Arabia,0,0,Jordan,1,0,FIFA Arab Cup Qatar 2025™,Semi-final,Al Bayt Stadium
15 Dec 2025,FT,Morocco,3,0,United_Arab_Emirates,0,0,FIFA Arab Cup Qatar 2025™,Semi-final,Khalifa International Stadium
12 Dec 2025,FT,Algeria,1,0,United_Arab_Emirates,1,0,FIFA Arab Cup Qatar 2025™,Quarter-final,Al Bayt Stadium
12 Dec 2025,FT,Jordan,1,0,Iraq,0,0,FIFA Arab Cup Qatar 2025™,Quarter-final,Education City Stadium
11 Dec 2025,FT,Palestine,1,0,Saudi_Arabia,2,0,FIFA Arab Cup Qatar 2025™,Quarter-final,Lusail Stadium
11 Dec 2025,FT,Morocco,1,0,Syria,0,0,FIFA Arab Cup Qatar 2025™,Quarter-final,Khalifa International Stadium
09 Dec 2025,FT,Bahrain,3,0,Sudan,1,0,FIFA Arab Cup Qatar 2025™,Group Stage,Education City Stadium
09 Dec 2025,FT,Algeria,2,0,Iraq,0,0,FIFA Arab Cup Qatar 2025™,Group Stage,Khalifa International Stadium
09 Dec 2025,FT,United_Arab_Emirates,3,0,Kuwait,1,0,FIFA Arab Cup Qatar 2025™,Group Stage,Stadium 974
09 Dec 2025,FT,Egypt,0,0,Jordan,3,0,FIFA Arab Cup Qatar 2025™,Group Stage,Al Bayt Stadium
08 Dec 2025,FT,Oman,2,0,Comoros,1,0,FIFA Arab Cup Qatar 2025™,Group Stage,Stadium 974
08 Dec 2025,FT,Morocco,1,0,Saudi_Arabia,0,0,FIFA Arab Cup Qatar 2025™,Group Stage,Lusail Stadium
07 Dec 2025,FT,Syria,0,0,Palestine,0,0,FIFA Arab Cup Qatar 2025™,Group Stage,Education City Stadium
07 Dec 2025,FT,Qatar,0,1,Tunisia,3,0,FIFA Arab Cup Qatar 2025™,Group Stage,Al Bayt Stadium
06 Dec 2025,FT,United_Arab_Emirates,1,0,Egypt,1,0,FIFA Arab Cup Qatar 2025™,Group Stage,Lusail Stadium
06 Dec 2025,FT,Sudan,0,0,Iraq,2,0,FIFA Arab Cup Qatar 2025™,Group Stage,Stadium 974
06 Dec 2025,FT,Bahrain,1,0,Algeria,5,0,FIFA Arab Cup Qatar 2025™,Group Stage,Khalifa International Stadium
06 Dec 2025,FT,Kuwait,1,0,Jordan,3,0,FIFA Arab Cup Qatar 2025™,Group Stage,Ahmad Bin Ali Stadium
05 Dec 2025,FT,Comoros,1,0,Saudi_Arabia,3,0,FIFA Arab Cup Qatar 2025™,Group Stage,Al Bayt Stadium
05 Dec 2025,FT,Oman,0,0,Morocco,0,0,FIFA Arab Cup Qatar 2025™,Group Stage,Education City Stadium
04 Dec 2025,FT,Syria,1,0,Qatar,1,1,FIFA Arab Cup Qatar 2025™,Group Stage,Khalifa International Stadium
04 Dec 2025,FT,Palestine,2,0,Tunisia,2,0,FIFA Arab Cup Qatar 2025™,Group Stage,Lusail Stadium
03 Dec 2025,FT,Jordan,2,0,United_Arab_Emirates,1,0,FIFA Arab Cup Qatar 2025™,Group Stage,Al Bayt Stadium
03 Dec 2025,FT,Iraq,2,0,Bahrain,1,0,FIFA Arab Cup Qatar 2025™,Group Stage,Stadium 974
03 Dec 2025,FT,Algeria,0,0,Sudan,0,0,FIFA Arab Cup Qatar 2025™,Group Stage,Ahmad Bin Ali Stadium
02 Dec 2025,FT,Saudi_Arabia,2,0,Oman,1,0,FIFA Arab Cup Qatar 2025™,Group Stage,Education City Stadium
02 Dec 2025,FT,Egypt,1,0,Kuwait,1,0,FIFA Arab Cup Qatar 2025™,Group Stage,Lusail Stadium
02 Dec 2025,FT,Morocco,3,0,Comoros,1,0,FIFA Arab Cup Qatar 2025™,Group Stage,Khalifa International Stadium
01 Dec 2025,FT,Qatar,0,1,Palestine,1,0,FIFA Arab Cup Qatar 2025™,Group Stage,Al Bayt Stadium
01 Dec 2025,FT,Tunisia,0,0,Syria,1,0,FIFA Arab Cup Qatar 2025™,Group Stage,Ahmad Bin Ali Stadium
26 Nov 2025,FT,Comoros,4,0,Yemen,4,0,FIFA Arab Cup Qatar 2025™,Qualification Stage,Grand Hamad Stadium
26 Nov 2025,FT,Sudan,2,0,Lebanon,1,0,FIFA Arab Cup Qatar 2025™,Qualification Stage,Al Gharafa Stadium
26 Nov 2025,FT,Bahrain,1,0,Djibouti,0,0,FIFA Arab Cup Qatar 2025™,Qualification Stage,Jassim Bin Hamad Stadium
26 Nov 2025,FT,Oman,0,0,Somalia,0,0,FIFA Arab Cup Qatar 2025™,Qualification Stage,Abdullah Bin Khalifa Stadium
25 Nov 2025,FT,Syria,2,0,South_Sudan,0,0,FIFA Arab Cup Qatar 2025™,Qualification Stage,Grand Hamad Stadium
25 Nov 2025,FT,Palestine,0,0,Libya,0,0,FIFA Arab Cup Qatar 2025™,Qualification Stage,Al Gharafa Stadium
25 Nov 2025,FT,Mauritania,0,0,Kuwait,2,0,FIFA Arab Cup Qatar 2025™,Qualification Stage,Jassim Bin Hamad Stadium
19 Nov 2025,FT,Laos,0,1,Vietnam,2,0,Asian Nations Cup 2027 Prel. Comp.,Round Three,New Laos National Stadium
19 Nov 2025,FT,Ecuador,2,0,New_Zealand,0,0,Friendly 2025,-,Red Bull Arena
19 Nov 2025,FT,Colombia,3,0,Australia,0,0,Friendly 2025,-,Citi Field
19 Nov 2025,FT,Mexico,1,0,Paraguay,2,0,Friendly 2025,-,Alamodome Stadium
19 Nov 2025,FT,Canada,2,0,Venezuela,0,0,Friendly 2025,-,DRV PNK Stadium
19 Nov 2025,FT,Haiti,2,0,Nicaragua,0,0,FIFA World Cup 26™ Concacaf Qualifiers,Final Round,Ergilio Hato Stadium
19 Nov 2025,FT,Costa_Rica,0,1,Honduras,0,0,FIFA World Cup 26™ Concacaf Qualifiers,Final Round,Estadio Nacional de Costa Rica
19 Nov 2025,FT,Trinidad_and_Tobago,2,1,Bermuda,2,0,FIFA World Cup 26™ Concacaf Qualifiers,Final Round,Hasely Crawford Stadium
19 Nov 2025,FT,Jamaica,0,1,Curaçao,0,0,FIFA World Cup 26™ Concacaf Qualifiers,Final Round,Independence Park (National Stadium)
19 Nov 2025,FT,Guatemala,3,1,Suriname,1,0,FIFA World Cup 26™ Concacaf Qualifiers,Final Round,Estadio Manuel Felipe Carrera
19 Nov 2025,FT,Panama,3,1,El_Salvador,0,0,FIFA World Cup 26™ Concacaf Qualifiers,Final Round,Estadio Rommel Fernandez
19 Nov 2025,FT,USA,5,1,Uruguay,1,0,Friendly 2025,-,Raymond James Stadium
18 Nov 2025,FT,Antigua_and_Barbuda,1,1,Guyana,4,0,CONCACAF Series 2025/26,November 2025,Sir Vivian Richards Stadium
18 Nov 2025,FT,St._Kitts_and_Nevis,2,1,Belize,6,0,CONCACAF Series 2025/26,November 2025,SKNFA Technical Center
18 Nov 2025,FT,Wales,7,1,North_Macedonia,1,0,FIFA World Cup 26™ UEFA Qualifiers,Round One,Cardiff City Stadium
18 Nov 2025,FT,Belgium,7,1,Liechtenstein,0,0,FIFA World Cup 26™ UEFA Qualifiers,Round One,Sclessin - Stade Maurice Dufrasne
18 Nov 2025,FT,Romania,7,1,San_Marino,1,0,FIFA World Cup 26™ UEFA Qualifiers,Round One,National Arena
18 Nov 2025,FT,Austria,1,1,Bosnia_and_Herzegovina,1,0,FIFA World Cup 26™ UEFA Qualifiers,Round One,Ernst Happel Stadium
18 Nov 2025,FT,Spain,2,1,Türkiye,2,0,FIFA World Cup 26™ UEFA Qualifiers,Round One,Estadio La Cartuja de Sevilla
18 Nov 2025,FT,Bulgaria,2,1,Georgia,1,0,FIFA World Cup 26™ UEFA Qualifiers,Round One,Vasil Levski National Stadium
18 Nov 2025,FT,Scotland,4,1,Denmark,2,0,FIFA World Cup 26™ UEFA Qualifiers,Round One,Hampden Park
18 Nov 2025,FT,Belarus,0,0,Greece,0,0,FIFA World Cup 26™ UEFA Qualifiers,Round One,ZTE Arena
18 Nov 2025,FT,Sweden,1,1,Slovenia,1,0,FIFA World Cup 26™ UEFA Qualifiers,Round One,Friends Arena
18 Nov 2025,FT,Kosovo,1,1,Switzerland,1,0,FIFA World Cup 26™ UEFA Qualifiers,Round One,Fadil Vokrri Stadium
18 Nov 2025,FT,Brazil,1,0,Tunisia,1,0,Friendly 2025,-,Decathlon Arena Stade Pierre Mauroy
18 Nov 2025,FT,Morocco,4,1,Uganda,0,0,Friendly 2025,-,Tangier Stadium
18 Nov 2025,FT,Jordan,0,0,Mali,0,0,Friendly 2025,-,Stade Hammadi Agrebi
18 Nov 2025,FT,Chile,2,0,Peru,1,0,Friendly 2025,-,Fisht Olympic Stadium
18 Nov 2025,FT,Faroe_Islands,1,0,Kazakhstan,0,0,Friendly 2025,-,Aldo Drosina Stadium
18 Nov 2025,FT,Cyprus,2,1,Estonia,4,0,Friendly 2025,-,Alphamega Stadium
18 Nov 2025,FT,Saudi_Arabia,0,1,Algeria,2,0,Friendly 2025,-,Prince Abdullah Al-Faisal Stadium
18 Nov 2025,FT,Kuwait,2,0,The_Gambia,2,0,Friendly 2025,-,Al Salam Stadium
18 Nov 2025,FT,Angola,3,1,Zambia,2,0,Friendly 2025,-,Estádio 11 de Novembro
18 Nov 2025,FT,Benin,0,0,Burkina_Faso,3,0,Friendly 2025,-,Stade El Bachir
18 Nov 2025,FT,IR_Iran,0,0,Uzbekistan,0,0,Al Ain International Cup 2025,Tournament,Hazza Bin Zayed Stadium
18 Nov 2025,FT,Iraq,2,1,United_Arab_Emirates,1,0,FIFA World Cup 26™ AFC Qualifiers,Round Five,Basra International Stadium
18 Nov 2025,FT,Guinea,1,0,Niger,1,0,Friendly 2025,-,Berrechid Stadium
18 Nov 2025,FT,Oman,0,1,Côte_d_Ivoire,2,0,Friendly 2025,-,Seeb Stadium
18 Nov 2025,FT,Senegal,8,0,Kenya,0,0,Friendly 2025,-,Mardan Sports Complex
18 Nov 2025,FT,Yemen,7,0,Bhutan,1,0,Asian Nations Cup 2027 Prel. Comp.,Round Three,Ali Al-Salem Al-Sabah Stadium
18 Nov 2025,FT,Lesotho,0,0,Malawi,1,0,Friendly 2025,-,Free State Stadium
18 Nov 2025,FT,Bangladesh,1,1,India,0,0,Asian Nations Cup 2027 Prel. Comp.,Round Three,Bangabandhu National Stadium
18 Nov 2025,FT,Turkmenistan,3,1,Chinese_Taipei,1,0,Asian Nations Cup 2027 Prel. Comp.,Round Three,Arkadag Stadium
18 Nov 2025,FT,Nepal,0,0,Malaysia,1,1,Asian Nations Cup 2027 Prel. Comp.,Round Three,Bukit Jalil National Stadium
18 Nov 2025,FT,Brunei,0,1,Lebanon,3,0,Asian Nations Cup 2027 Prel. Comp.,Round Three,Hassanal Bolkiah National Stadium
18 Nov 2025,FT,Hong_Kong,1,1,Singapore,2,0,Asian Nations Cup 2027 Prel. Comp.,Round Three,Kai Tak Sports Park
18 Nov 2025,FT,Korea_Republic,1,1,Ghana,0,0,Friendly 2025,-,Seoul World Cup Stadium
18 Nov 2025,FT,Maldives,0,1,Philippines,2,0,Asian Nations Cup 2027 Prel. Comp.,Round Three,Rasmee Dhandu (Galolhu) National Stadium
18 Nov 2025,FT,Sri_Lanka,0,1,Thailand,4,0,Asian Nations Cup 2027 Prel. Comp.,Round Three,Racecourse Sports Complex
18 Nov 2025,FT,Japan,3,1,Bolivia,0,0,Friendly 2025,-,Olympic Stadium
18 Nov 2025,FT,Pakistan,0,1,Syria,5,0,Asian Nations Cup 2027 Prel. Comp.,Round Three,Jinnah Sports Stadium
18 Nov 2025,FT,Timor-Leste,0,0,Tajikistan,5,0,Asian Nations Cup 2027 Prel. Comp.,Round Three,Territory Rugby League Stadium
17 Nov 2025,FT,Montenegro,2,1,Croatia,3,0,FIFA World Cup 26™ UEFA Qualifiers,Round One,Podgorica City Stadium
17 Nov 2025,FT,Czechia,6,1,Gibraltar,0,0,FIFA World Cup 26™ UEFA Qualifiers,Round One,Andruv Stadium
17 Nov 2025,FT,Netherlands,4,1,Lithuania,0,0,FIFA World Cup 26™ UEFA Qualifiers,Round One,Johan Cruyff Arena
17 Nov 2025,FT,Malta,2,1,Poland,3,0,FIFA World Cup 26™ UEFA Qualifiers,Round One,Ta'Qali National Stadium
17 Nov 2025,FT,Germany,6,1,Slovakia,0,0,FIFA World Cup 26™ UEFA Qualifiers,Round One,Zentralstadion
17 Nov 2025,FT,Northern_Ireland,1,1,Luxembourg,0,0,FIFA World Cup 26™ UEFA Qualifiers,Round One,Windsor Park
17 Nov 2025,FT,Finland,4,1,Andorra,0,0,Friendly 2025,-,Tammelan Stadion
17 Nov 2025,FT,Cabo_Verde,1,0,Egypt,1,0,Al Ain International Cup 2025,Tournament,Hazza Bin Zayed Stadium
17 Nov 2025,FT,Comoros,4,1,Namibia,0,0,Friendly 2025,-,Stade Omnisports d'Iconi-Malouzini
17 Nov 2025,FT,Bahrain,1,1,Somalia,2,0,Friendly 2025,-,Bahrain National Stadium
17 Nov 2025,FT,Chad,2,0,Mozambique,2,0,Friendly 2025,-,Berrechid Stadium
17 Nov 2025,FT,Equatorial_Guinea,0,0,Madagascar,2,0,Friendly 2025,-,Arslan Zeki Demirci Sports Complex 1 (Emirhan Sports Centre)
17 Nov 2025,FT,Vanuatu,2,0,Fiji,0,0,MSG Prime Minister's Cup 2025,First stage,PNG Football Stadium
16 Nov 2025,FT,Italy,1,1,Norway,4,0,FIFA World Cup 26™ UEFA Qualifiers,Round One,Stadio Giuseppe Meazza
16 Nov 2025,FT,Israel,4,0,Moldova,1,1,FIFA World Cup 26™ UEFA Qualifiers,Round One,Zimbru Stadium
16 Nov 2025,FT,Nigeria,1,0,Congo_DR,1,0,FIFA World Cup 26™ CAF Qualifiers,Round Two - Final,Stade Prince Héritier Moulay Hassan
16 Nov 2025,FT,Serbia,2,1,Latvia,1,0,FIFA World Cup 26™ UEFA Qualifiers,Round One,Dubočica Stadium
16 Nov 2025,FT,Albania,0,1,England,2,0,FIFA World Cup 26™ UEFA Qualifiers,Round One,Air Albania Stadium
16 Nov 2025,FT,Ukraine,2,0,Iceland,0,0,FIFA World Cup 26™ UEFA Qualifiers,Round One,Wojska Polskiego
16 Nov 2025,FT,Azerbaijan,1,1,France,3,0,FIFA World Cup 26™ UEFA Qualifiers,Round One,Tofiq Bahramov Republican Stadium
16 Nov 2025,FT,Portugal,9,1,Armenia,1,0,FIFA World Cup 26™ UEFA Qualifiers,Round One,Estádio do Dragão
16 Nov 2025,FT,Hungary,2,1,Republic_of_Ireland,3,0,FIFA World Cup 26™ UEFA Qualifiers,Round One,Puskás Aréna
16 Nov 2025,FT,Mexico,0,1,Uruguay,0,0,Friendly 2025,-,Estadio Torreon
16 Nov 2025,FT,Colombia,2,0,New_Zealand,1,0,Friendly 2025,-,DRV PNK Stadium
16 Nov 2025,FT,St._Vincent_/_Grenadines,3,0,St._Lucia,1,0,CONCACAF Series 2025/26,November 2025,CFC Stadium
16 Nov 2025,FT,Cayman_Islands,4,1,Anguilla,0,0,CONCACAF Series 2025/26,November 2025,Truman Bodden Stadium
15 Nov 2025,FT,USA,2,1,Paraguay,1,0,Friendly 2025,-,Subaru Park
15 Nov 2025,FT,Bahamas,0,0,British_Virgin_Islands,6,0,CONCACAF Series 2025/26,November 2025,Truman Bodden Stadium
15 Nov 2025,FT,Barbados,0,0,Aruba,3,0,CONCACAF Series 2025/26,November 2025,Sir Vivian Richards Stadium
15 Nov 2025,FT,Bosnia_and_Herzegovina,3,1,Romania,1,0,FIFA World Cup 26™ UEFA Qualifiers,Round One,Bilino Polje Stadium
15 Nov 2025,FT,Denmark,2,1,Belarus,2,0,FIFA World Cup 26™ UEFA Qualifiers,Round One,Parken Stadium
15 Nov 2025,FT,Greece,3,1,Scotland,2,0,FIFA World Cup 26™ UEFA Qualifiers,Round One,Karaiskaki Stadium
15 Nov 2025,FT,Switzerland,4,1,Sweden,1,0,FIFA World Cup 26™ UEFA Qualifiers,Round One,Stade de Genève
15 Nov 2025,FT,Slovenia,0,1,Kosovo,2,0,FIFA World Cup 26™ UEFA Qualifiers,Round One,Stožice Stadium
15 Nov 2025,FT,Liechtenstein,0,1,Wales,1,0,FIFA World Cup 26™ UEFA Qualifiers,Round One,Rheinpark Stadion
15 Nov 2025,FT,Cyprus,0,1,Austria,2,0,FIFA World Cup 26™ UEFA Qualifiers,Round One,Alphamega Stadium
15 Nov 2025,FT,Türkiye,2,1,Bulgaria,0,0,FIFA World Cup 26™ UEFA Qualifiers,Round One,Atatürk Spor Kompleksi Matlı Stadyumu
15 Nov 2025,FT,Georgia,0,1,Spain,4,0,FIFA World Cup 26™ UEFA Qualifiers,Round One,National Stadium
15 Nov 2025,FT,Kuwait,4,0,Tanzania,3,0,Friendly 2025,-,Al Salam Stadium
15 Nov 2025,FT,Brazil,2,0,Senegal,0,0,Friendly 2025,-,Arsenal Stadium
15 Nov 2025,FT,Guinea,2,0,Liberia,0,0,Friendly 2025,-,Stade El Bachir
15 Nov 2025,FT,Russia,0,0,Chile,2,0,Friendly 2025,-,Fisht Olympic Stadium
15 Nov 2025,FT,Lesotho,0,0,Malawi,0,0,Friendly 2025,-,Free State Stadium
15 Nov 2025,FT,Libya,1,1,Mauritania,0,0,Friendly 2025,-,Benina Martyrs Stadium
15 Nov 2025,FT,Kazakhstan,1,1,Belgium,1,0,FIFA World Cup 26™ UEFA Qualifiers,Round One,Astana Arena
15 Nov 2025,FT,South_Africa,3,1,Zambia,1,0,Friendly 2025,-,Port Elizabeth Stadium
15 Nov 2025,FT,Venezuela,1,0,Australia,0,0,Friendly 2025,-,Shell Energy Stadium
15 Nov 2025,FT,Grenada,4,1,US_Virgin_Islands,1,0,Friendly 2025,-,Kirani James Athletics Stadium
14 Nov 2025,FT,Croatia,3,1,Faroe_Islands,1,0,FIFA World Cup 26™ UEFA Qualifiers,Round One,Stadion HNK Rijeka
14 Nov 2025,FT,Gibraltar,1,1,Montenegro,2,0,FIFA World Cup 26™ UEFA Qualifiers,Round One,Europa Point Stadium
14 Nov 2025,FT,Poland,1,1,Netherlands,1,0,FIFA World Cup 26™ UEFA Qualifiers,Round One,PGE Narodowy (National Stadium)
14 Nov 2025,FT,Slovakia,1,1,Northern_Ireland,0,0,FIFA World Cup 26™ UEFA Qualifiers,Round One,Košická futbalová Aréna
14 Nov 2025,FT,Luxembourg,0,1,Germany,2,0,FIFA World Cup 26™ UEFA Qualifiers,Round One,Stade de Luxembourg
14 Nov 2025,FT,Burkina_Faso,3,0,Niger,2,0,Friendly 2025,-,Stade El Bachir
14 Nov 2025,FT,Morocco,1,1,Mozambique,0,0,Friendly 2025,-,Tangier Stadium
14 Nov 2025,FT,Finland,0,0,Malta,1,0,FIFA World Cup 26™ UEFA Qualifiers,Round One,Olympic Stadium
14 Nov 2025,FT,Tunisia,3,1,Jordan,2,0,Friendly 2025,-,Stade Hammadi Agrebi
14 Nov 2025,FT,Saudi_Arabia,1,1,Côte_d_Ivoire,0,0,Friendly 2025,-,King Abdullah Sports City Stadium
14 Nov 2025,FT,Comoros,1,1,Namibia,0,0,Friendly 2025,-,Stade Omnisports d'Iconi-Malouzini
14 Nov 2025,FT,Egypt,0,0,Uzbekistan,2,0,Al Ain International Cup 2025,Tournament,Hazza Bin Zayed Stadium
14 Nov 2025,FT,Angola,0,1,Argentina,2,0,Friendly 2025,-,Estádio 11 de Novembro
14 Nov 2025,FT,Oman,2,1,Sudan,0,0,Friendly 2025,-,Seeb Stadium
14 Nov 2025,FT,Uganda,2,0,Chad,1,0,Friendly 2025,-,Berrechid Stadium
14 Nov 2025,FT,Equatorial_Guinea,1,0,Kenya,0,0,Friendly 2025,-,Arslan Zeki Demirci Sports Complex 1 (Emirhan Sports Centre)
14 Nov 2025,FT,Korea_Republic,2,1,Bolivia,0,0,Friendly 2025,-,Daejeon World Cup Stadium
14 Nov 2025,FT,Japan,2,1,Ghana,0,0,Friendly 2025,-,Toyota Stadium
14 Nov 2025,FT,Nicaragua,2,1,Honduras,0,0,FIFA World Cup 26™ Concacaf Qualifiers,Final Round,Estadio Nacional
14 Nov 2025,FT,Haiti,1,0,Costa_Rica,0,0,FIFA World Cup 26™ Concacaf Qualifiers,Final Round,Ergilio Hato Stadium
14 Nov 2025,FT,Guatemala,2,1,Panama,3,0,FIFA World Cup 26™ Concacaf Qualifiers,Final Round,Estadio Manuel Felipe Carrera
14 Nov 2025,FT,Canada,0,1,Ecuador,0,0,Friendly 2025,-,Toronto Stadium
14 Nov 2025,FT,Bermuda,0,1,Curaçao,7,0,FIFA World Cup 26™ Concacaf Qualifiers,Final Round,National Sports Centre (National Stadium)
14 Nov 2025,FT,Trinidad_and_Tobago,1,1,Jamaica,1,0,FIFA World Cup 26™ Concacaf Qualifiers,Final Round,Hasely Crawford Stadium
13 Nov 2025,FT,Suriname,4,1,El_Salvador,0,0,FIFA World Cup 26™ Concacaf Qualifiers,Final Round,Franklin Essed Stadium
13 Nov 2025,FT,England,2,1,Serbia,0,0,FIFA World Cup 26™ UEFA Qualifiers,Round One,Wembley Stadium
13 Nov 2025,FT,Andorra,0,1,Albania,1,0,FIFA World Cup 26™ UEFA Qualifiers,Round One,Nou Estadi a Encamp
13 Nov 2025,FT,Moldova,0,1,Italy,2,0,FIFA World Cup 26™ UEFA Qualifiers,Round One,Zimbru Stadium
13 Nov 2025,FT,Republic_of_Ireland,2,1,Portugal,0,0,FIFA World Cup 26™ UEFA Qualifiers,Round One,Aviva Stadium
13 Nov 2025,FT,France,4,1,Ukraine,0,0,FIFA World Cup 26™ UEFA Qualifiers,Round One,Parc des Princes
13 Nov 2025,FT,Cameroon,0,0,Congo_DR,1,0,FIFA World Cup 26™ CAF Qualifiers,Round Two - Semi-final,Stade Al Medina
13 Nov 2025,FT,Czechia,1,1,San_Marino,0,0,Friendly 2025,-,Městský Stadion
13 Nov 2025,FT,North_Macedonia,0,1,Latvia,0,0,Friendly 2025,-,Toše Proeski National Arena
13 Nov 2025,FT,Lithuania,0,1,Israel,0,0,Friendly 2025,-,S. Darius & S. Girenas Stadium
13 Nov 2025,FT,Norway,4,1,Estonia,1,0,FIFA World Cup 26™ UEFA Qualifiers,Round One,Ullevaal Stadium
13 Nov 2025,FT,Armenia,0,1,Hungary,1,0,FIFA World Cup 26™ UEFA Qualifiers,Round One,Vazgen Sargsyan Republican Stadium
13 Nov 2025,FT,Azerbaijan,0,1,Iceland,2,0,FIFA World Cup 26™ UEFA Qualifiers,Round One,Bakcell Arena
13 Nov 2025,FT,Algeria,3,0,Zimbabwe,1,0,Friendly 2025,-,Prince Abdullah Al-Faisal Stadium
13 Nov 2025,FT,IR_Iran,0,0,Cabo_Verde,0,0,Al Ain International Cup 2025,Tournament,Hazza Bin Zayed Stadium
13 Nov 2025,FT,Nigeria,4,0,Gabon,1,0,FIFA World Cup 26™ CAF Qualifiers,Round Two - Semi-final,Stade Prince Héritier Moulay Hassan
13 Nov 2025,FT,United_Arab_Emirates,1,1,Iraq,1,0,FIFA World Cup 26™ AFC Qualifiers,Round Five,Mohammed Bin Zayed Stadium
13 Nov 2025,FT,Bangladesh,2,1,Nepal,2,0,Friendly 2025,-,Bangabandhu National Stadium
13 Nov 2025,FT,Thailand,3,1,Singapore,2,0,Friendly 2025,-,Thammasat Stadium
13 Nov 2025,FT,Hong_Kong,1,1,Cambodia,1,0,Friendly 2025,-,Hong Kong Stadium
13 Nov 2025,FT,Papua_New_Guinea,1,1,Solomon_Islands,0,0,MSG Prime Minister's Cup 2025,First stage,PNG Football Stadium
13 Nov 2025,FT,Dominican_Republic,2,1,St._Vincent_/_Grenadines,0,0,CONCACAF Series 2025/26,November 2025,CFC Stadium
13 Nov 2025,FT,Cayman_Islands,1,1,British_Virgin_Islands,2,0,CONCACAF Series 2025/26,November 2025,Truman Bodden Stadium
12 Nov 2025,FT,Antigua_and_Barbuda,0,1,Aruba,0,0,CONCACAF Series 2025/26,November 2025,Sir Vivian Richards Stadium
12 Nov 2025,FT,Bahamas,1,0,Anguilla,2,0,CONCACAF Series 2025/26,November 2025,Truman Bodden Stadium
12 Nov 2025,FT,Cuba,3,0,St._Lucia,0,0,CONCACAF Series 2025/26,November 2025,CFC Stadium
12 Nov 2025,FT,Russia,1,1,Peru,1,0,Friendly 2025,-,Krestovsky Stadium
15 Oct 2025,FT,Mexico,1,1,Ecuador,1,0,Friendly 2025,-,Guadalajara Stadium
15 Oct 2025,FT,El_Salvador,0,1,Guatemala,1,0,FIFA World Cup 26™ Concacaf Qualifiers,Final Round,Estadio Cuscatlan
15 Oct 2025,FT,Colombia,0,0,Canada,0,0,Friendly 2025,-,Red Bull Arena
15 Oct 2025,FT,USA,2,1,Australia,1,0,Friendly 2025,-,Dick's Sporting Goods Park
15 Oct 2025,FT,Panama,1,1,Suriname,1,0,FIFA World Cup 26™ Concacaf Qualifiers,Final Round,Estadio Rommel Fernandez
15 Oct 2025,FT,Argentina,6,0,Puerto_Rico,0,0,Friendly 2025,-,DRV PNK Stadium
15 Oct 2025,FT,Jamaica,4,1,Bermuda,0,0,FIFA World Cup 26™ Concacaf Qualifiers,Final Round,Independence Park (National Stadium)
14 Oct 2025,FT,Curaçao,1,1,Trinidad_and_Tobago,1,0,FIFA World Cup 26™ Concacaf Qualifiers,Final Round,Ergilio Hato Stadium
14 Oct 2025,FT,Congo_DR,1,1,Sudan,0,0,FIFA World Cup 26™ CAF Qualifiers,Round One,Stade de Martyrs
14 Oct 2025,FT,Senegal,4,1,Mauritania,0,0,FIFA World Cup 26™ CAF Qualifiers,Round One,Stade Me Abdoulaye Wade
14 Oct 2025,FT,Gabon,2,1,Burundi,0,0,FIFA World Cup 26™ CAF Qualifiers,Round One,Stade de Franceville
14 Oct 2025,FT,Côte_d_Ivoire,3,1,Kenya,0,0,FIFA World Cup 26™ CAF Qualifiers,Round One,Stade Olympique d'Ebimpé
14 Oct 2025,FT,Morocco,1,1,Congo,0,0,FIFA World Cup 26™ CAF Qualifiers,Round One,Prince Moulay Abdellah Stadium
14 Oct 2025,FT,Saudi_Arabia,0,1,Iraq,0,0,FIFA World Cup 26™ AFC Qualifiers,Round Four,King Abdullah Sports City Stadium
14 Oct 2025,FT,Latvia,0,1,England,5,0,FIFA World Cup 26™ UEFA Qualifiers,Round One,Daugava Stadium
14 Oct 2025,FT,Andorra,1,1,Serbia,3,0,FIFA World Cup 26™ UEFA Qualifiers,Round One,Nou Estadi a Encamp
14 Oct 2025,FT,Italy,3,1,Israel,0,0,FIFA World Cup 26™ UEFA Qualifiers,Round One,Stadio Friuli
14 Oct 2025,FT,Portugal,2,1,Hungary,2,0,FIFA World Cup 26™ UEFA Qualifiers,Round One,Estádio José Alvalade
14 Oct 2025,FT,Republic_of_Ireland,1,1,Armenia,0,0,FIFA World Cup 26™ UEFA Qualifiers,Round One,Aviva Stadium
14 Oct 2025,FT,Spain,4,1,Bulgaria,0,0,FIFA World Cup 26™ UEFA Qualifiers,Round One,Jose Zorrilla
14 Oct 2025,FT,Türkiye,4,1,Georgia,1,0,FIFA World Cup 26™ UEFA Qualifiers,Round One,Kocaeli Stadium
14 Oct 2025,FT,Albania,4,1,Jordan,2,0,Friendly 2025,-,Air Albania Stadium
14 Oct 2025,FT,Russia,3,1,Bolivia,0,0,Friendly 2025,-,Dynamo Central Stadium
14 Oct 2025,FT,Qatar,2,1,United_Arab_Emirates,1,0,FIFA World Cup 26™ AFC Qualifiers,Round Four,Jassim Bin Hamad Stadium
14 Oct 2025,FT,Yemen,9,0,Brunei,0,0,Asian Nations Cup 2027 Prel. Comp.,Round Three,Jaber Al-Ahmad International Stadium
14 Oct 2025,FT,Norway,1,1,New_Zealand,1,0,Friendly 2025,-,Ullevaal Stadium
14 Oct 2025,FT,Estonia,1,1,Moldova,1,0,FIFA World Cup 26™ UEFA Qualifiers,Round One,A. Le Coq Arena
14 Oct 2025,FT,Somalia,0,0,Mozambique,1,0,FIFA World Cup 26™ CAF Qualifiers,Round One,Miloud Hadefi Olympic Complex
14 Oct 2025,FT,Algeria,2,1,Uganda,1,0,FIFA World Cup 26™ CAF Qualifiers,Round One,Stade Hocine-Aït-Ahmed
14 Oct 2025,FT,Guinea,2,0,Botswana,2,0,FIFA World Cup 26™ CAF Qualifiers,Round One,Stade Mohamed V
14 Oct 2025,FT,Nigeria,4,1,Benin,0,0,FIFA World Cup 26™ CAF Qualifiers,Round One,Godswill Akpabio International Stadium
14 Oct 2025,FT,South_Africa,3,1,Rwanda,0,0,FIFA World Cup 26™ CAF Qualifiers,Round One,Mbombela Stadium
14 Oct 2025,FT,Bhutan,0,0,Lebanon,4,0,Asian Nations Cup 2027 Prel. Comp.,Round Three,Saoud bin Abdul Rahman Al-Thani Stadium
14 Oct 2025,FT,IR_Iran,2,0,Tanzania,0,0,Friendly 2025,-,Rashid Stadium
14 Oct 2025,FT,Afghanistan,1,0,Pakistan,1,0,Asian Nations Cup 2027 Prel. Comp.,Round Three,Ali Al-Salem Al-Sabah Stadium
14 Oct 2025,FT,India,1,1,Singapore,2,0,Asian Nations Cup 2027 Prel. Comp.,Round Three,Pandit Jawaharlal Nehru Stadium
14 Oct 2025,FT,Turkmenistan,2,1,Sri_Lanka,1,0,Asian Nations Cup 2027 Prel. Comp.,Round Three,Arkadag Stadium
14 Oct 2025,FT,Seychelles,0,0,The_Gambia,7,0,FIFA World Cup 26™ CAF Qualifiers,Round One,Côte d'Or National Sports Complex
14 Oct 2025,FT,Malaysia,5,1,Laos,1,0,Asian Nations Cup 2027 Prel. Comp.,Round Three,Bukit Jalil National Stadium
14 Oct 2025,FT,Nepal,0,0,Vietnam,1,1,Asian Nations Cup 2027 Prel. Comp.,Round Three,Thong Nhat Stadium
14 Oct 2025,FT,Hong_Kong,1,1,Bangladesh,1,0,Asian Nations Cup 2027 Prel. Comp.,Round Three,Kai Tak Sports Park
14 Oct 2025,FT,Korea_Republic,2,1,Paraguay,0,0,Friendly 2025,-,Seoul World Cup Stadium
14 Oct 2025,FT,Philippines,3,1,Timor-Leste,1,0,Asian Nations Cup 2027 Prel. Comp.,Round Three,New Clark City Athletics Stadium
14 Oct 2025,FT,Japan,3,1,Brazil,2,0,Friendly 2025,-,Olympic Stadium
14 Oct 2025,FT,Myanmar,0,1,Syria,3,0,Asian Nations Cup 2027 Prel. Comp.,Round Three,Thuwunna YTC Stadium
14 Oct 2025,FT,Maldives,0,1,Tajikistan,3,0,Asian Nations Cup 2027 Prel. Comp.,Round Three,Rasmee Dhandu (Galolhu) National Stadium
14 Oct 2025,FT,Chinese_Taipei,1,0,Thailand,6,0,Asian Nations Cup 2027 Prel. Comp.,Round Three,Municipal Stadium
14 Oct 2025,FT,Costa_Rica,4,1,Nicaragua,1,0,FIFA World Cup 26™ Concacaf Qualifiers,Final Round,Estadio Nacional de Costa Rica
14 Oct 2025,FT,Honduras,3,1,Haiti,0,0,FIFA World Cup 26™ Concacaf Qualifiers,Final Round,Estadio Nacional José de la Paz Herrera (Chelato Uclés)
13 Oct 2025,FT,Wales,2,1,Belgium,4,0,FIFA World Cup 26™ UEFA Qualifiers,Round One,Cardiff City Stadium
13 Oct 2025,FT,North_Macedonia,1,1,Kazakhstan,1,0,FIFA World Cup 26™ UEFA Qualifiers,Round One,Toše Proeski National Arena
13 Oct 2025,FT,Ukraine,2,0,Azerbaijan,1,0,FIFA World Cup 26™ UEFA Qualifiers,Round One,Marshal Józef Piłsudski Stadium
13 Oct 2025,FT,Iceland,2,1,France,2,0,FIFA World Cup 26™ UEFA Qualifiers,Round One,Laugardalsvollur
13 Oct 2025,FT,Sweden,0,1,Kosovo,1,0,FIFA World Cup 26™ UEFA Qualifiers,Round One,Nya Ullevi
13 Oct 2025,FT,Slovenia,0,1,Switzerland,0,0,FIFA World Cup 26™ UEFA Qualifiers,Round One,Stožice Stadium
13 Oct 2025,FT,Slovakia,2,1,Luxembourg,0,0,FIFA World Cup 26™ UEFA Qualifiers,Round One,Anton Malatinský Stadium
13 Oct 2025,FT,Northern_Ireland,0,1,Germany,1,0,FIFA World Cup 26™ UEFA Qualifiers,Round One,Windsor Park
13 Oct 2025,FT,Montenegro,2,1,Liechtenstein,1,0,Friendly 2025,-,Podgorica City Stadium
13 Oct 2025,FT,Lesotho,1,0,Zimbabwe,0,0,FIFA World Cup 26™ CAF Qualifiers,Round One,Peter Mokaba Stadium
13 Oct 2025,FT,Mauritius,0,1,Libya,0,0,FIFA World Cup 26™ CAF Qualifiers,Round One,Côte d'Or National Sports Complex
13 Oct 2025,FT,Cabo_Verde,3,1,Eswatini,0,0,FIFA World Cup 26™ CAF Qualifiers,Round One,Estádio Nacional de Cabo Verde
13 Oct 2025,FT,Cameroon,0,1,Angola,0,0,FIFA World Cup 26™ CAF Qualifiers,Round One,Stade Omnisports Ahmadou-Ahidjo
13 Oct 2025,FT,São_Tomé_and_Príncipe,1,0,Malawi,0,0,FIFA World Cup 26™ CAF Qualifiers,Round One,Stade Olympique
13 Oct 2025,FT,Equatorial_Guinea,1,1,Liberia,1,0,FIFA World Cup 26™ CAF Qualifiers,Round One,Nuevo Estadio de Malabo
13 Oct 2025,FT,South_Sudan,0,1,Togo,0,0,FIFA World Cup 26™ CAF Qualifiers,Round One,Juba Stadium
13 Oct 2025,FT,Tunisia,3,1,Namibia,0,0,FIFA World Cup 26™ CAF Qualifiers,Round One,Stade Hammadi Agrebi
13 Oct 2025,FT,Uzbekistan,1,0,Uruguay,2,0,Friendly 2025,-,Hang Jebat Stadium
12 Oct 2025,FT,Mali,4,1,Madagascar,1,0,FIFA World Cup 26™ CAF Qualifiers,Round One,Stade du 26 mars (National Stadium)
12 Oct 2025,FT,Ghana,1,1,Comoros,0,0,FIFA World Cup 26™ CAF Qualifiers,Round One,Accra Sports Stadium
12 Oct 2025,FT,Djibouti,1,0,Sierra_Leone,2,0,FIFA World Cup 26™ CAF Qualifiers,Round One,Stade Larbi Zaouli
12 Oct 2025,FT,Egypt,1,1,Guinea-Bissau,0,0,FIFA World Cup 26™ CAF Qualifiers,Round One,Cairo International Stadium
12 Oct 2025,FT,Burkina_Faso,3,1,Ethiopia,1,0,FIFA World Cup 26™ CAF Qualifiers,Round One,Stade du 4 aout
12 Oct 2025,FT,Croatia,3,1,Gibraltar,0,0,FIFA World Cup 26™ UEFA Qualifiers,Round One,Anđelko Herjavec Stadium
12 Oct 2025,FT,Romania,1,1,Austria,0,0,FIFA World Cup 26™ UEFA Qualifiers,Round One,National Arena
12 Oct 2025,FT,Lithuania,0,1,Poland,2,0,FIFA World Cup 26™ UEFA Qualifiers,Round One,S. Darius & S. Girenas Stadium
12 Oct 2025,FT,Denmark,3,1,Greece,1,0,FIFA World Cup 26™ UEFA Qualifiers,Round One,Parken Stadium
12 Oct 2025,FT,Malta,1,1,Bosnia_and_Herzegovina,4,0,Friendly 2025,-,Ta'Qali National Stadium
12 Oct 2025,FT,Faroe_Islands,2,1,Czechia,1,0,FIFA World Cup 26™ UEFA Qualifiers,Round One,Torsvollur
12 Oct 2025,FT,Netherlands,4,1,Finland,0,0,FIFA World Cup 26™ UEFA Qualifiers,Round One,Johan Cruyff Arena
12 Oct 2025,FT,Chad,2,1,Central_African_Republic,3,0,FIFA World Cup 26™ CAF Qualifiers,Round One,Stade Olympique Maréchal Idriss Déby Itno
12 Oct 2025,FT,Scotland,2,1,Belarus,1,0,FIFA World Cup 26™ UEFA Qualifiers,Round One,Hampden Park
12 Oct 2025,FT,San_Marino,0,1,Cyprus,4,0,FIFA World Cup 26™ UEFA Qualifiers,Round One,San Marino Stadium
12 Oct 2025,FT,Zambia,0,1,Niger,1,0,FIFA World Cup 26™ CAF Qualifiers,Round One,Levy Mwanawasa Stadium
12 Oct 2025,FT,Mexico,0,0,Colombia,4,0,Friendly 2025,-,Dallas Stadium
11 Oct 2025,FT,Grenada,2,1,Cuba,0,0,Friendly 2025,-,Kirani James Athletics Stadium
11 Oct 2025,FT,Iraq,1,0,Indonesia,0,0,FIFA World Cup 26™ AFC Qualifiers,Round Four,King Abdullah Sports City Stadium
11 Oct 2025,FT,Serbia,0,1,Albania,1,0,FIFA World Cup 26™ UEFA Qualifiers,Round One,Dubočica Stadium
11 Oct 2025,FT,Estonia,1,1,Italy,3,0,FIFA World Cup 26™ UEFA Qualifiers,Round One,A. Le Coq Arena
11 Oct 2025,FT,Portugal,1,1,Republic_of_Ireland,0,0,FIFA World Cup 26™ UEFA Qualifiers,Round One,Estádio José Alvalade
11 Oct 2025,FT,Spain,2,1,Georgia,0,0,FIFA World Cup 26™ UEFA Qualifiers,Round One,Estadio Manuel Martínez Valero
11 Oct 2025,FT,Bulgaria,1,1,Türkiye,6,0,FIFA World Cup 26™ UEFA Qualifiers,Round One,Vasil Levski National Stadium
11 Oct 2025,FT,United_Arab_Emirates,2,0,Oman,1,0,FIFA World Cup 26™ AFC Qualifiers,Round Four,Jassim Bin Hamad Stadium
11 Oct 2025,FT,Norway,5,1,Israel,0,0,FIFA World Cup 26™ UEFA Qualifiers,Round One,Ullevaal Stadium
11 Oct 2025,FT,Hungary,2,1,Armenia,0,0,FIFA World Cup 26™ UEFA Qualifiers,Round One,Puskás Aréna
11 Oct 2025,FT,Latvia,2,1,Andorra,2,0,FIFA World Cup 26™ UEFA Qualifiers,Round One,Daugava Stadium
11 Oct 2025,FT,USA,1,1,Ecuador,1,0,Friendly 2025,-,Q2 Stadium
11 Oct 2025,FT,El_Salvador,0,1,Panama,1,0,FIFA World Cup 26™ Concacaf Qualifiers,Final Round,Estadio Cuscatlan
11 Oct 2025,FT,Argentina,1,0,Venezuela,0,0,Friendly 2025,-,Miami Stadium
10 Oct 2025,FT,Canada,0,1,Australia,1,0,Friendly 2025,-,Saputo Stadium
10 Oct 2025,FT,Chile,2,1,Peru,1,0,Friendly 2025,-,Estadio Bicentenario de La Florida
10 Oct 2025,FT,Curaçao,2,1,Jamaica,0,0,FIFA World Cup 26™ Concacaf Qualifiers,Final Round,Ergilio Hato Stadium
10 Oct 2025,FT,Bermuda,0,1,Trinidad_and_Tobago,3,0,FIFA World Cup 26™ Concacaf Qualifiers,Final Round,National Sports Centre (National Stadium)
10 Oct 2025,FT,Suriname,1,1,Guatemala,1,0,FIFA World Cup 26™ Concacaf Qualifiers,Final Round,Franklin Essed Stadium
10 Oct 2025,FT,Belgium,0,1,North_Macedonia,0,0,FIFA World Cup 26™ UEFA Qualifiers,Round One,Planet Group Arena
10 Oct 2025,FT,France,3,1,Azerbaijan,0,0,FIFA World Cup 26™ UEFA Qualifiers,Round One,Parc des Princes
10 Oct 2025,FT,Iceland,3,1,Ukraine,5,0,FIFA World Cup 26™ UEFA Qualifiers,Round One,Laugardalsvollur
10 Oct 2025,FT,Sweden,0,1,Switzerland,2,0,FIFA World Cup 26™ UEFA Qualifiers,Round One,Friends Arena
10 Oct 2025,FT,Kosovo,0,1,Slovenia,0,0,FIFA World Cup 26™ UEFA Qualifiers,Round One,Fadil Vokrri Stadium
10 Oct 2025,FT,Germany,4,1,Luxembourg,0,0,FIFA World Cup 26™ UEFA Qualifiers,Round One,PreZero Arena
10 Oct 2025,FT,Northern_Ireland,2,1,Slovakia,0,0,FIFA World Cup 26™ UEFA Qualifiers,Round One,Windsor Park
10 Oct 2025,FT,Russia,2,1,IR_Iran,1,0,Friendly 2025,-,Central Stadium
10 Oct 2025,FT,Jordan,0,0,Bolivia,1,0,Friendly 2025,-,Recep Tayyip Erdogan Stadium
10 Oct 2025,FT,São_Tomé_and_Príncipe,0,0,Tunisia,6,1,FIFA World Cup 26™ CAF Qualifiers,Round One,Stade Hammadi Agrebi
10 Oct 2025,FT,Rwanda,0,1,Benin,1,0,FIFA World Cup 26™ CAF Qualifiers,Round One,Stade Amahoro (National Stadium)
10 Oct 2025,FT,Zimbabwe,0,0,South_Africa,0,1,FIFA World Cup 26™ CAF Qualifiers,Round One,Moses Mabhida Stadium
10 Oct 2025,FT,Lesotho,1,0,Nigeria,2,0,FIFA World Cup 26™ CAF Qualifiers,Round One,Peter Mokaba Stadium
10 Oct 2025,FT,Kazakhstan,4,1,Liechtenstein,0,0,FIFA World Cup 26™ UEFA Qualifiers,Round One,Astana Arena
10 Oct 2025,FT,Sudan,0,0,Mauritania,0,0,FIFA World Cup 26™ CAF Qualifiers,Round One,Benjamin Mkapa (National Stadium)
10 Oct 2025,FT,The_Gambia,3,0,Gabon,4,0,FIFA World Cup 26™ CAF Qualifiers,Round One,Moi International Sports Centre
10 Oct 2025,FT,Seychelles,0,0,Côte_d_Ivoire,7,0,FIFA World Cup 26™ CAF Qualifiers,Round One,Côte d'Or National Sports Complex
10 Oct 2025,FT,Togo,0,1,Congo_DR,1,0,FIFA World Cup 26™ CAF Qualifiers,Round One,Stade de Kégué
10 Oct 2025,FT,South_Sudan,0,1,Senegal,5,0,FIFA World Cup 26™ CAF Qualifiers,Round One,Juba Stadium
10 Oct 2025,FT,Uruguay,1,0,Dominican_Republic,0,0,Friendly 2025,-,Bukit Jalil National Stadium
10 Oct 2025,FT,Korea_Republic,0,1,Brazil,5,0,Friendly 2025,-,Seoul World Cup Stadium
10 Oct 2025,FT,Japan,2,1,Paraguay,2,0,Friendly 2025,-,Suita City Football Stadium
10 Oct 2025,FT,Honduras,0,1,Costa_Rica,0,0,FIFA World Cup 26™ Concacaf Qualifiers,Final Round,Estadio General Francisco Morazán
10 Oct 2025,FT,Nicaragua,0,1,Haiti,3,0,FIFA World Cup 26™ Concacaf Qualifiers,Final Round,Estadio Nacional
09 Oct 2025,FT,Morocco,1,1,Bahrain,0,0,Friendly 2025,-,Prince Moulay Abdellah Stadium
09 Oct 2025,FT,Poland,1,1,New_Zealand,0,0,Friendly 2025,-,Stadion Śląski
09 Oct 2025,FT,England,3,1,Wales,0,0,Friendly 2025,-,Wembley Stadium
09 Oct 2025,FT,Faroe_Islands,4,1,Montenegro,0,0,FIFA World Cup 26™ UEFA Qualifiers,Round One,Torsvollur
09 Oct 2025,FT,Czechia,0,1,Croatia,0,0,FIFA World Cup 26™ UEFA Qualifiers,Round One,Sinobo Stadium
09 Oct 2025,FT,Cyprus,2,1,Bosnia_and_Herzegovina,2,0,FIFA World Cup 26™ UEFA Qualifiers,Round One,AEK Arena - Georgios Karapatakis
09 Oct 2025,FT,Austria,10,1,San_Marino,0,0,FIFA World Cup 26™ UEFA Qualifiers,Round One,Ernst Happel Stadium
09 Oct 2025,FT,Malta,0,1,Netherlands,4,0,FIFA World Cup 26™ UEFA Qualifiers,Round One,Ta'Qali National Stadium
09 Oct 2025,FT,Scotland,3,1,Greece,1,0,FIFA World Cup 26™ UEFA Qualifiers,Round One,Hampden Park
09 Oct 2025,FT,Belarus,0,0,Denmark,6,0,FIFA World Cup 26™ UEFA Qualifiers,Round One,ZTE Arena
09 Oct 2025,FT,Romania,2,1,Moldova,1,0,Friendly 2025,-,National Arena
09 Oct 2025,FT,Syria,5,0,Myanmar,1,0,Asian Nations Cup 2027 Prel. Comp.,Round Three,Prince Abdullah bin Jalawi Sport City Stadium
09 Oct 2025,FT,Finland,2,0,Lithuania,1,0,FIFA World Cup 26™ UEFA Qualifiers,Round One,Olympic Stadium
09 Oct 2025,FT,Malawi,3,1,Equatorial_Guinea,0,0,FIFA World Cup 26™ CAF Qualifiers,Round One,Bingu National Stadium
09 Oct 2025,FT,Liberia,3,1,Namibia,1,0,FIFA World Cup 26™ CAF Qualifiers,Round One,Samuel Kanyon Doe Sports Complex
09 Oct 2025,FT,Botswana,0,1,Uganda,1,0,FIFA World Cup 26™ CAF Qualifiers,Round One,Obed Itani Chilume Stadium
09 Oct 2025,FT,Mozambique,1,1,Guinea,2,0,FIFA World Cup 26™ CAF Qualifiers,Round One,Estadio do Zimpeto
09 Oct 2025,FT,Somalia,0,0,Algeria,3,1,FIFA World Cup 26™ CAF Qualifiers,Round One,Miloud Hadefi Olympic Complex
09 Oct 2025,FT,Lebanon,2,0,Bhutan,0,0,Asian Nations Cup 2027 Prel. Comp.,Round Three,Grand Hamad Stadium
09 Oct 2025,FT,Bangladesh,3,1,Hong_Kong,4,0,Asian Nations Cup 2027 Prel. Comp.,Round Three,Bangabandhu National Stadium
09 Oct 2025,FT,Uzbekistan,2,1,Kuwait,0,0,Friendly 2025,-,Olympic City Stadium
09 Oct 2025,FT,Burundi,0,1,Kenya,1,0,FIFA World Cup 26™ CAF Qualifiers,Round One,Stade Prince Louis Rwagasore
09 Oct 2025,FT,Tajikistan,2,1,Maldives,0,0,Asian Nations Cup 2027 Prel. Comp.,Round Three,Hisor Central Stadium
09 Oct 2025,FT,Vietnam,3,1,Nepal,1,0,Asian Nations Cup 2027 Prel. Comp.,Round Three,Go Dau Stadium
09 Oct 2025,FT,Thailand,2,1,Chinese_Taipei,0,0,Asian Nations Cup 2027 Prel. Comp.,Round Three,Rajamangala National Stadium
09 Oct 2025,FT,Laos,0,1,Malaysia,3,0,Asian Nations Cup 2027 Prel. Comp.,Round Three,New Laos National Stadium
09 Oct 2025,FT,Singapore,1,0,India,1,0,Asian Nations Cup 2027 Prel. Comp.,Round Three,National Stadium
09 Oct 2025,FT,Sri_Lanka,1,1,Turkmenistan,0,0,Asian Nations Cup 2027 Prel. Comp.,Round Three,Racecourse Sports Complex
09 Oct 2025,FT,Timor-Leste,1,0,Philippines,4,0,Asian Nations Cup 2027 Prel. Comp.,Round Three,Territory Rugby League Stadium
09 Oct 2025,FT,Pakistan,0,1,Afghanistan,0,0,Asian Nations Cup 2027 Prel. Comp.,Round Three,Jinnah Sports Stadium
09 Oct 2025,FT,Brunei,0,1,Yemen,2,0,Asian Nations Cup 2027 Prel. Comp.,Round Three,Hassanal Bolkiah National Stadium
08 Oct 2025,FT,Grenada,4,1,British_Virgin_Islands,1,0,Friendly 2025,-,Kirani James Athletics Stadium
08 Oct 2025,FT,Tanzania,0,1,Zambia,1,0,FIFA World Cup 26™ CAF Qualifiers,Round One,Amaan Stadium
08 Oct 2025,FT,Niger,3,0,Congo,1,0,FIFA World Cup 26™ CAF Qualifiers,Round One,Stade du 4 aout
08 Oct 2025,FT,Indonesia,2,0,Saudi_Arabia,3,1,FIFA World Cup 26™ AFC Qualifiers,Round Four,King Abdullah Sports City Stadium
08 Oct 2025,FT,Gibraltar,0,1,New_Caledonia,2,0,Friendly 2025,-,Europa Point Stadium
08 Oct 2025,FT,Chad,0,1,Mali,2,0,FIFA World Cup 26™ CAF Qualifiers,Round One,Stade Olympique Maréchal Idriss Déby Itno
08 Oct 2025,FT,Central_African_Republic,0,0,Ghana,5,0,FIFA World Cup 26™ CAF Qualifiers,Round One,Stade d’Honneur
08 Oct 2025,FT,Comoros,1,0,Madagascar,2,0,FIFA World Cup 26™ CAF Qualifiers,Round One,Stade Felix Houphouet-Boigny
08 Oct 2025,FT,Djibouti,0,0,Egypt,3,0,FIFA World Cup 26™ CAF Qualifiers,Round One,Stade Larbi Zaouli
08 Oct 2025,FT,Sierra_Leone,0,0,Burkina_Faso,1,0,FIFA World Cup 26™ CAF Qualifiers,Round One,Samuel Kanyon Doe Sports Complex
08 Oct 2025,FT,Oman,0,0,Qatar,0,1,FIFA World Cup 26™ AFC Qualifiers,Round Four,Jassim Bin Hamad Stadium
08 Oct 2025,FT,Eswatini,2,1,Angola,2,0,FIFA World Cup 26™ CAF Qualifiers,Round One,Somhlolo National Stadium
08 Oct 2025,FT,Libya,3,1,Cabo_Verde,3,0,FIFA World Cup 26™ CAF Qualifiers,Round One,Tripoli Stadium
08 Oct 2025,FT,Mauritius,0,1,Cameroon,2,0,FIFA World Cup 26™ CAF Qualifiers,Round One,Côte d'Or National Sports Complex
08 Oct 2025,FT,Ethiopia,1,0,Guinea-Bissau,0,0,FIFA World Cup 26™ CAF Qualifiers,Round One,Stade Amahoro (National Stadium)
10 Sep 2025,FT,Honduras,2,1,Nicaragua,0,0,FIFA World Cup 26™ Concacaf Qualifiers,Final Round,Estadio Nacional José de la Paz Herrera (Chelato Uclés)
10 Sep 2025,FT,Costa_Rica,3,1,Haiti,3,0,FIFA World Cup 26™ Concacaf Qualifiers,Final Round,Estadio Nacional de Costa Rica
10 Sep 2025,FT,Mexico,2,0,Korea_Republic,2,0,Friendly 2025,-,GEODIS Park
10 Sep 2025,FT,Curaçao,3,1,Bermuda,2,0,FIFA World Cup 26™ Concacaf Qualifiers,Final Round,Ergilio Hato Stadium
10 Sep 2025,FT,Jamaica,2,1,Trinidad_and_Tobago,0,0,FIFA World Cup 26™ Concacaf Qualifiers,Final Round,Independence Park (National Stadium)
09 Sep 2025,FT,USA,2,1,Japan,0,0,Friendly 2025,-,Lower.com Field
09 Sep 2025,FT,Peru,0,0,Paraguay,1,0,FIFA World Cup 26™ CONMEBOL Qualifiers,Round One,Estadio Nacional
09 Sep 2025,FT,Bolivia,1,1,Brazil,0,0,FIFA World Cup 26™ CONMEBOL Qualifiers,Round One,Estadio Municipal de El Alto
09 Sep 2025,FT,Chile,0,1,Uruguay,0,0,FIFA World Cup 26™ CONMEBOL Qualifiers,Round One,Estadio Nacional Julio Martínez Prádanos
09 Sep 2025,FT,Venezuela,3,1,Colombia,6,0,FIFA World Cup 26™ CONMEBOL Qualifiers,Round One,Estadio Monumental de Maturin
09 Sep 2025,FT,Ecuador,1,1,Argentina,0,0,FIFA World Cup 26™ CONMEBOL Qualifiers,Round One,Isidro Romero - Monumental
09 Sep 2025,FT,Benin,4,0,Lesotho,0,0,FIFA World Cup 26™ CAF Qualifiers,Round One,Stade Felix Houphouet-Boigny
09 Sep 2025,FT,Malta,3,1,San_Marino,1,0,Friendly 2025,-,Ta'Qali National Stadium
09 Sep 2025,FT,Gabon,0,1,Côte_d_Ivoire,0,0,FIFA World Cup 26™ CAF Qualifiers,Round One,Stade de Franceville
09 Sep 2025,FT,The_Gambia,2,0,Burundi,0,0,FIFA World Cup 26™ CAF Qualifiers,Round One,Nyayo National Stadium
09 Sep 2025,FT,Mauritania,0,1,South_Sudan,0,0,FIFA World Cup 26™ CAF Qualifiers,Round One,Stade Municipal de Nouadhibou
09 Sep 2025,FT,Angola,3,1,Mauritius,1,0,FIFA World Cup 26™ CAF Qualifiers,Round One,Estádio 11 de Novembro
09 Sep 2025,FT,Wales,0,1,Canada,1,0,Friendly 2025,-,Liberty Stadium
09 Sep 2025,FT,France,2,1,Iceland,1,0,FIFA World Cup 26™ UEFA Qualifiers,Round One,Parc des Princes
09 Sep 2025,FT,Serbia,0,1,England,5,0,FIFA World Cup 26™ UEFA Qualifiers,Round One,Rajko Mitić Stadium
09 Sep 2025,FT,Bosnia_and_Herzegovina,1,1,Austria,2,0,FIFA World Cup 26™ UEFA Qualifiers,Round One,Bilino Polje Stadium
09 Sep 2025,FT,Albania,1,1,Latvia,0,0,FIFA World Cup 26™ UEFA Qualifiers,Round One,Air Albania Stadium
09 Sep 2025,FT,Cyprus,2,1,Romania,2,0,FIFA World Cup 26™ UEFA Qualifiers,Round One,GSP Stadium
09 Sep 2025,FT,Norway,11,1,Moldova,1,0,FIFA World Cup 26™ UEFA Qualifiers,Round One,Ullevaal Stadium
09 Sep 2025,FT,Hungary,2,1,Portugal,3,0,FIFA World Cup 26™ UEFA Qualifiers,Round One,Puskás Aréna
09 Sep 2025,FT,Jordan,3,1,Dominican_Republic,0,0,Friendly 2025,-,Amman International Stadium
09 Sep 2025,FT,Estonia,0,1,Andorra,0,0,Friendly 2025,-,A. Le Coq Arena
09 Sep 2025,FT,Armenia,2,1,Republic_of_Ireland,1,0,FIFA World Cup 26™ UEFA Qualifiers,Round One,Vazgen Sargsyan Republican Stadium
09 Sep 2025,FT,Azerbaijan,1,1,Ukraine,1,0,FIFA World Cup 26™ UEFA Qualifiers,Round One,Tofiq Bahramov Republican Stadium
09 Sep 2025,FT,Togo,1,1,Sudan,0,0,FIFA World Cup 26™ CAF Qualifiers,Round One,Stade de Kégué
09 Sep 2025,FT,Cabo_Verde,1,1,Cameroon,0,0,FIFA World Cup 26™ CAF Qualifiers,Round One,Estádio Nacional de Cabo Verde
09 Sep 2025,FT,South_Africa,1,1,Nigeria,1,0,FIFA World Cup 26™ CAF Qualifiers,Round One,Free State Stadium
09 Sep 2025,FT,Congo_DR,2,1,Senegal,3,0,FIFA World Cup 26™ CAF Qualifiers,Round One,Stade de Martyrs
09 Sep 2025,FT,Burkina_Faso,0,1,Egypt,0,0,FIFA World Cup 26™ CAF Qualifiers,Round One,Stade du 4 aout
09 Sep 2025,FT,Zimbabwe,0,0,Rwanda,1,0,FIFA World Cup 26™ CAF Qualifiers,Round One,Orlando Stadium
09 Sep 2025,FT,Tanzania,0,1,Niger,1,0,FIFA World Cup 26™ CAF Qualifiers,Round One,Amaan Stadium
09 Sep 2025,FT,Namibia,3,0,São_Tomé_and_Príncipe,0,0,FIFA World Cup 26™ CAF Qualifiers,Round One,Obed Itani Chilume Stadium
09 Sep 2025,FT,Sierra_Leone,2,0,Ethiopia,0,0,FIFA World Cup 26™ CAF Qualifiers,Round One,Samuel Kanyon Doe Sports Complex
09 Sep 2025,FT,Kenya,5,1,Seychelles,0,0,FIFA World Cup 26™ CAF Qualifiers,Round One,Moi International Sports Centre
09 Sep 2025,FT,Sri_Lanka,1,1,Maldives,1,0,Friendly 2025,-,Racecourse Sports Complex
09 Sep 2025,FT,Singapore,1,1,Myanmar,1,0,Friendly 2025,-,Kallang Football Hub
09 Sep 2025,FT,New_Zealand,1,1,Australia,3,0,Friendly 2025,-,Go Media Stadium
09 Sep 2025,FT,Panama,1,1,Guatemala,1,0,FIFA World Cup 26™ Concacaf Qualifiers,Final Round,Estadio Rommel Fernandez
09 Sep 2025,FT,El_Salvador,1,1,Suriname,2,0,FIFA World Cup 26™ Concacaf Qualifiers,Final Round,Estadio Cuscatlan
08 Sep 2025,FT,Libya,2,1,Eswatini,0,0,FIFA World Cup 26™ CAF Qualifiers,Round One,March 28 Stadium
08 Sep 2025,FT,Ghana,1,1,Mali,0,0,FIFA World Cup 26™ CAF Qualifiers,Round One,Accra Sports Stadium
08 Sep 2025,FT,Croatia,4,1,Montenegro,0,0,FIFA World Cup 26™ UEFA Qualifiers,Round One,Stadion Maksimir
08 Sep 2025,FT,Belarus,0,0,Scotland,2,0,FIFA World Cup 26™ UEFA Qualifiers,Round One,ZTE Arena
08 Sep 2025,FT,Gibraltar,0,1,Faroe_Islands,1,0,FIFA World Cup 26™ UEFA Qualifiers,Round One,Europa Point Stadium
08 Sep 2025,FT,Israel,4,0,Italy,5,0,FIFA World Cup 26™ UEFA Qualifiers,Round One,Nagyerdei Stadion
08 Sep 2025,FT,Greece,0,1,Denmark,3,0,FIFA World Cup 26™ UEFA Qualifiers,Round One,Karaiskaki Stadium
08 Sep 2025,FT,Switzerland,3,1,Slovenia,0,0,FIFA World Cup 26™ UEFA Qualifiers,Round One,St. Jakob-Park
08 Sep 2025,FT,Kosovo,2,1,Sweden,0,0,FIFA World Cup 26™ UEFA Qualifiers,Round One,Fadil Vokrri Stadium
08 Sep 2025,FT,Czechia,1,1,Saudi_Arabia,1,0,Friendly 2025,-,Malšovická aréna
08 Sep 2025,FT,Malawi,2,1,Liberia,2,0,FIFA World Cup 26™ CAF Qualifiers,Round One,Bingu National Stadium
08 Sep 2025,FT,Madagascar,3,0,Chad,1,0,FIFA World Cup 26™ CAF Qualifiers,Round One,Stade Larbi Zaouli
08 Sep 2025,FT,Uganda,2,1,Somalia,0,0,FIFA World Cup 26™ CAF Qualifiers,Round One,Mandela National Stadium
08 Sep 2025,FT,Guinea,0,0,Algeria,0,0,FIFA World Cup 26™ CAF Qualifiers,Round One,Stade Mohamed V
08 Sep 2025,FT,Guinea-Bissau,2,1,Djibouti,0,0,FIFA World Cup 26™ CAF Qualifiers,Round One,Estádio 24 de Setembro
08 Sep 2025,FT,Indonesia,0,1,Lebanon,0,0,Friendly 2025,-,Gelora Bung Tomo Stadium
08 Sep 2025,FT,Malaysia,0,1,Palestine,3,0,Friendly 2025,-,Sultan Ibrahim Stadium
08 Sep 2025,FT,Equatorial_Guinea,0,1,Tunisia,1,0,FIFA World Cup 26™ CAF Qualifiers,Round One,Nuevo Estadio de Malabo
08 Sep 2025,FT,Mozambique,2,1,Botswana,0,0,FIFA World Cup 26™ CAF Qualifiers,Round One,Estadio do Zimpeto
08 Sep 2025,FT,Zambia,0,1,Morocco,2,0,FIFA World Cup 26™ CAF Qualifiers,Round One,Levy Mwanawasa Stadium
07 Sep 2025,FT,Germany,3,1,Northern_Ireland,1,0,FIFA World Cup 26™ UEFA Qualifiers,Round One,Rhein Energie Stadium
07 Sep 2025,FT,Belgium,6,1,Kazakhstan,0,0,FIFA World Cup 26™ UEFA Qualifiers,Round One,Lotto Park
07 Sep 2025,FT,Poland,3,1,Finland,1,0,FIFA World Cup 26™ UEFA Qualifiers,Round One,Stadion Śląski
07 Sep 2025,FT,Türkiye,0,1,Spain,6,0,FIFA World Cup 26™ UEFA Qualifiers,Round One,Konya Büyükşehir Belediye Stadium
07 Sep 2025,FT,Luxembourg,0,1,Slovakia,1,0,FIFA World Cup 26™ UEFA Qualifiers,Round One,Stade de Luxembourg
07 Sep 2025,FT,North_Macedonia,5,1,Liechtenstein,0,0,FIFA World Cup 26™ UEFA Qualifiers,Round One,Toše Proeski National Arena
07 Sep 2025,FT,Lithuania,2,1,Netherlands,3,0,FIFA World Cup 26™ UEFA Qualifiers,Round One,S. Darius & S. Girenas Stadium
07 Sep 2025,FT,Central_African_Republic,0,0,Comoros,2,0,FIFA World Cup 26™ CAF Qualifiers,Round One,Stade d’Honneur
07 Sep 2025,FT,Qatar,1,1,Russia,4,0,Friendly 2025,-,Jassim Bin Hamad Stadium
07 Sep 2025,FT,Iraq,1,0,Thailand,0,1,Kings Cup 2025,Tournament,Kanchanaburi Stadium
07 Sep 2025,FT,Georgia,3,1,Bulgaria,0,0,FIFA World Cup 26™ UEFA Qualifiers,Round One,National Stadium
07 Sep 2025,FT,Hong_Kong,8,0,Fiji,0,0,Kings Cup 2025,Tournament,Kanchanaburi Stadium
07 Sep 2025,FT,Mexico,0,0,Japan,0,0,Friendly 2025,-,Oakland-Alameda County Coliseum
06 Sep 2025,FT,USA,0,1,Korea_Republic,2,0,Friendly 2025,-,Red Bull Arena
06 Sep 2025,FT,San_Marino,0,1,Bosnia_and_Herzegovina,6,0,FIFA World Cup 26™ UEFA Qualifiers,Round One,San Marino Stadium
06 Sep 2025,FT,Austria,1,1,Cyprus,0,0,FIFA World Cup 26™ UEFA Qualifiers,Round One,Raiffeisen Arena
06 Sep 2025,FT,Republic_of_Ireland,2,1,Hungary,2,0,FIFA World Cup 26™ UEFA Qualifiers,Round One,Aviva Stadium
06 Sep 2025,FT,Armenia,0,1,Portugal,5,0,FIFA World Cup 26™ UEFA Qualifiers,Round One,Vazgen Sargsyan Republican Stadium
06 Sep 2025,FT,England,2,1,Andorra,0,0,FIFA World Cup 26™ UEFA Qualifiers,Round One,Villa Park
06 Sep 2025,FT,Nigeria,1,1,Rwanda,0,0,FIFA World Cup 26™ CAF Qualifiers,Round One,Godswill Akpabio International Stadium
06 Sep 2025,FT,Latvia,0,1,Serbia,1,0,FIFA World Cup 26™ UEFA Qualifiers,Round One,Daugava Stadium
06 Sep 2025,FT,Nepal,0,1,Bangladesh,0,0,Friendly 2025,-,Dasharath Rangasala Stadium
06 Sep 2025,FT,Sri_Lanka,0,1,Maldives,3,0,Friendly 2025,-,Racecourse Sports Complex
06 Sep 2025,FT,Nicaragua,1,1,Costa_Rica,1,0,FIFA World Cup 26™ Concacaf Qualifiers,Final Round,Estadio Nacional
06 Sep 2025,FT,Haiti,0,0,Honduras,0,0,FIFA World Cup 26™ Concacaf Qualifiers,Final Round,Ergilio Hato Stadium
06 Sep 2025,FT,Trinidad_and_Tobago,0,1,Curaçao,0,0,FIFA World Cup 26™ Concacaf Qualifiers,Final Round,Hasely Crawford Stadium
05 Sep 2025,FT,Bermuda,0,1,Jamaica,4,0,FIFA World Cup 26™ Concacaf Qualifiers,Final Round,National Sports Centre (National Stadium)
05 Sep 2025,FT,Morocco,5,1,Niger,0,0,FIFA World Cup 26™ CAF Qualifiers,Round One,Prince Moulay Abdellah Stadium
05 Sep 2025,FT,Côte_d_Ivoire,1,1,Burundi,0,0,FIFA World Cup 26™ CAF Qualifiers,Round One,Stade Felix Houphouet-Boigny
05 Sep 2025,FT,Senegal,2,1,Sudan,0,0,FIFA World Cup 26™ CAF Qualifiers,Round One,Stade Me Abdoulaye Wade
05 Sep 2025,FT,Egypt,2,1,Ethiopia,0,0,FIFA World Cup 26™ CAF Qualifiers,Round One,Cairo International Stadium
05 Sep 2025,FT,Mauritania,2,1,Togo,0,0,FIFA World Cup 26™ CAF Qualifiers,Round One,Stade Municipal de Nouadhibou
05 Sep 2025,FT,Greece,5,1,Belarus,1,0,FIFA World Cup 26™ UEFA Qualifiers,Round One,Karaiskaki Stadium
05 Sep 2025,FT,Italy,5,1,Estonia,0,0,FIFA World Cup 26™ UEFA Qualifiers,Round One,New Balance Arena
05 Sep 2025,FT,Slovenia,2,1,Sweden,2,0,FIFA World Cup 26™ UEFA Qualifiers,Round One,Stožice Stadium
05 Sep 2025,FT,Montenegro,0,1,Czechia,2,0,FIFA World Cup 26™ UEFA Qualifiers,Round One,Podgorica City Stadium
05 Sep 2025,FT,Faroe_Islands,0,1,Croatia,1,0,FIFA World Cup 26™ UEFA Qualifiers,Round One,Torsvollur
05 Sep 2025,FT,Moldova,0,1,Israel,4,0,FIFA World Cup 26™ UEFA Qualifiers,Round One,Zimbru Stadium
05 Sep 2025,FT,Ukraine,0,0,France,2,0,FIFA World Cup 26™ UEFA Qualifiers,Round One,Municipal Stadium
05 Sep 2025,FT,Iceland,5,1,Azerbaijan,0,0,FIFA World Cup 26™ UEFA Qualifiers,Round One,Laugardalsvollur
05 Sep 2025,FT,Denmark,0,1,Scotland,0,0,FIFA World Cup 26™ UEFA Qualifiers,Round One,Parken Stadium
05 Sep 2025,FT,Switzerland,4,1,Kosovo,0,0,FIFA World Cup 26™ UEFA Qualifiers,Round One,St. Jakob-Park
05 Sep 2025,FT,Romania,0,1,Canada,3,0,Friendly 2025,-,National Arena
05 Sep 2025,FT,Uganda,4,1,Mozambique,0,0,FIFA World Cup 26™ CAF Qualifiers,Round One,Mandela National Stadium
05 Sep 2025,FT,Lesotho,0,0,South_Africa,3,1,FIFA World Cup 26™ CAF Qualifiers,Round One,Free State Stadium
05 Sep 2025,FT,Congo,1,1,Tanzania,1,0,FIFA World Cup 26™ CAF Qualifiers,Round One,Stade Alphonse Massemba-Debat
05 Sep 2025,FT,Djibouti,0,0,Burkina_Faso,6,0,FIFA World Cup 26™ CAF Qualifiers,Round One,Estádio 24 de Setembro
05 Sep 2025,FT,Benin,1,0,Zimbabwe,0,0,FIFA World Cup 26™ CAF Qualifiers,Round One,Stade Olympique d'Ebimpé
05 Sep 2025,FT,Uzbekistan,4,1,Kyrgyz_Republic,0,0,CAFA Nations Cup 2025,First stage,Olympic City Stadium
05 Sep 2025,FT,Indonesia,6,1,Chinese_Taipei,0,0,Friendly 2025,-,Gelora Bung Tomo Stadium
05 Sep 2025,FT,Kenya,1,1,The_Gambia,3,0,FIFA World Cup 26™ CAF Qualifiers,Round One,Moi International Sports Centre
05 Sep 2025,FT,Namibia,1,0,Malawi,2,0,FIFA World Cup 26™ CAF Qualifiers,Round One,Obed Itani Chilume Stadium
05 Sep 2025,FT,South_Sudan,1,1,Congo_DR,4,0,FIFA World Cup 26™ CAF Qualifiers,Round One,Juba Stadium
05 Sep 2025,FT,Turkmenistan,1,0,Oman,2,0,CAFA Nations Cup 2025,First stage,JAR Stadium
05 Sep 2025,FT,Somalia,0,0,Guinea,3,0,FIFA World Cup 26™ CAF Qualifiers,Round One,Mandela National Stadium
05 Sep 2025,FT,Australia,1,1,New_Zealand,0,0,Friendly 2025,-,Canberra Stadium
05 Sep 2025,FT,Guatemala,0,1,El_Salvador,1,0,FIFA World Cup 26™ Concacaf Qualifiers,Final Round,Estadio Cementos Progreso
05 Sep 2025,FT,Brazil,3,1,Chile,0,0,FIFA World Cup 26™ CONMEBOL Qualifiers,Round One,Maracanã - Estádio Jornalista Mário Filho
04 Sep 2025,FT,Argentina,3,1,Venezuela,0,0,FIFA World Cup 26™ CONMEBOL Qualifiers,Round One,El Monumental - Estadio Monumental Antonio Vespucio Liberti
04 Sep 2025,FT,Colombia,3,1,Bolivia,0,0,FIFA World Cup 26™ CONMEBOL Qualifiers,Round One,Metropolitano Roberto Melendez
04 Sep 2025,FT,Uruguay,3,1,Peru,0,0,FIFA World Cup 26™ CONMEBOL Qualifiers,Round One,Estadio Centenario
04 Sep 2025,FT,Paraguay,0,1,Ecuador,0,0,FIFA World Cup 26™ CONMEBOL Qualifiers,Round One,Estadio Defensores del Chaco
04 Sep 2025,FT,Suriname,0,1,Panama,0,0,FIFA World Cup 26™ Concacaf Qualifiers,Final Round,Franklin Essed Stadium
04 Sep 2025,FT,Algeria,3,1,Botswana,1,0,FIFA World Cup 26™ CAF Qualifiers,Round One,Stade Hocine-Aït-Ahmed
04 Sep 2025,FT,Mali,3,0,Comoros,0,0,FIFA World Cup 26™ CAF Qualifiers,Round One,Stade Municipal de Berkane
04 Sep 2025,FT,Tunisia,3,1,Liberia,0,0,FIFA World Cup 26™ CAF Qualifiers,Round One,Stade Hammadi Agrebi
04 Sep 2025,FT,Cameroon,3,1,Eswatini,0,0,FIFA World Cup 26™ CAF Qualifiers,Round One,Stade Omnisports Ahmadou-Ahidjo
04 Sep 2025,FT,Liechtenstein,0,1,Belgium,6,0,FIFA World Cup 26™ UEFA Qualifiers,Round One,Rheinpark Stadion
04 Sep 2025,FT,Slovakia,2,1,Germany,0,0,FIFA World Cup 26™ UEFA Qualifiers,Round One,Národný futbalový štadión
04 Sep 2025,FT,Bulgaria,0,1,Spain,3,0,FIFA World Cup 26™ UEFA Qualifiers,Round One,Vasil Levski National Stadium
04 Sep 2025,FT,Netherlands,1,1,Poland,1,0,FIFA World Cup 26™ UEFA Qualifiers,Round One,De Kuip
04 Sep 2025,FT,Luxembourg,1,1,Northern_Ireland,3,0,FIFA World Cup 26™ UEFA Qualifiers,Round One,Stade de Luxembourg
04 Sep 2025,FT,Russia,0,1,Jordan,0,0,Friendly 2025,-,Otkrytiye Arena
04 Sep 2025,FT,Gibraltar,0,1,Albania,1,0,Friendly 2025,-,Europa Point Stadium
04 Sep 2025,FT,Norway,1,1,Finland,0,0,Friendly 2025,-,Ullevaal Stadium
04 Sep 2025,FT,Lithuania,1,1,Malta,1,0,FIFA World Cup 26™ UEFA Qualifiers,Round One,S. Darius & S. Girenas Stadium
04 Sep 2025,FT,Georgia,2,1,Türkiye,3,0,FIFA World Cup 26™ UEFA Qualifiers,Round One,National Stadium
04 Sep 2025,FT,Madagascar,2,0,Central_African_Republic,0,0,FIFA World Cup 26™ CAF Qualifiers,Round One,Stade Larbi Zaouli
04 Sep 2025,FT,São_Tomé_and_Príncipe,2,0,Equatorial_Guinea,3,0,FIFA World Cup 26™ CAF Qualifiers,Round One,Stade municipal d'Oujda
04 Sep 2025,FT,Angola,0,1,Libya,1,0,FIFA World Cup 26™ CAF Qualifiers,Round One,Estádio 11 de Novembro
04 Sep 2025,FT,Guinea-Bissau,1,1,Sierra_Leone,1,0,FIFA World Cup 26™ CAF Qualifiers,Round One,Estádio 24 de Setembro
04 Sep 2025,FT,Mauritius,0,1,Cabo_Verde,2,0,FIFA World Cup 26™ CAF Qualifiers,Round One,Côte d'Or National Sports Complex
04 Sep 2025,FT,Tajikistan,2,1,IR_Iran,2,0,CAFA Nations Cup 2025,First stage,Hisor Central Stadium
04 Sep 2025,FT,North_Macedonia,1,0,Saudi_Arabia,2,0,Friendly 2025,-,FK Viktoria Stadion
04 Sep 2025,FT,Kazakhstan,0,1,Wales,1,0,FIFA World Cup 26™ UEFA Qualifiers,Round One,Astana Arena
04 Sep 2025,FT,Malaysia,0,1,Singapore,3,0,Friendly 2025,-,Bukit Jalil National Stadium
04 Sep 2025,FT,Thailand,3,1,Fiji,0,0,Kings Cup 2025,Tournament,Kanchanaburi Stadium
04 Sep 2025,FT,Chad,1,1,Ghana,1,0,FIFA World Cup 26™ CAF Qualifiers,Round One,Stade Olympique Maréchal Idriss Déby Itno
04 Sep 2025,FT,Afghanistan,0,0,India,0,0,CAFA Nations Cup 2025,First stage,Hisor Central Stadium
04 Sep 2025,FT,Iraq,2,0,Hong_Kong,1,0,Kings Cup 2025,Tournament,Kanchanaburi Stadium
03 Sep 2025,FT,Qatar,2,1,Bahrain,2,0,Friendly 2025,-,Al Thumama Stadium
03 Sep 2025,FT,Seychelles,0,0,Gabon,4,0,FIFA World Cup 26™ CAF Qualifiers,Round One,Côte d'Or National Sports Complex
02 Sep 2025,FT,Turkmenistan,1,0,Uzbekistan,2,1,CAFA Nations Cup 2025,First stage,Olympic City Stadium
02 Sep 2025,FT,Oman,2,0,Kyrgyz_Republic,1,0,CAFA Nations Cup 2025,First stage,JAR Stadium
01 Sep 2025,FT,Afghanistan,0,0,Tajikistan,2,1,CAFA Nations Cup 2025,First stage,Hisor Central Stadium
01 Sep 2025,FT,India,0,0,IR_Iran,3,0,CAFA Nations Cup 2025,First stage,Hisor Central Stadium
30 Aug 2025,FT,Madagascar,2,0,Morocco,3,0,African Nations Championship 2025 (CHAN) - Final Comp.,Second stage,Moi International Sports Centre
30 Aug 2025,FT,Uzbekistan,1,1,Oman,1,0,CAFA Nations Cup 2025,First stage,Olympic City Stadium
30 Aug 2025,FT,Kyrgyz_Republic,1,0,Turkmenistan,1,0,CAFA Nations Cup 2025,First stage,JAR Stadium
29 Aug 2025,FT,Tajikistan,1,1,India,2,0,CAFA Nations Cup 2025,First stage,Hisor Central Stadium
29 Aug 2025,FT,Sudan,1,0,Senegal,1,0,African Nations Championship 2025 (CHAN) - Final Comp.,Second stage,Mandela National Stadium
29 Aug 2025,FT,IR_Iran,3,0,Afghanistan,1,0,CAFA Nations Cup 2025,First stage,Hisor Central Stadium
26 Aug 2025,FT,Morocco,1,0,Senegal,1,0,African Nations Championship 2025 (CHAN) - Final Comp.,Second stage,Mandela National Stadium
26 Aug 2025,FT,Madagascar,1,0,Sudan,0,0,African Nations Championship 2025 (CHAN) - Final Comp.,Second stage,Benjamin Mkapa (National Stadium)
23 Aug 2025,FT,Sudan,1,0,Algeria,1,0,African Nations Championship 2025 (CHAN) - Final Comp.,Second stage,Amaan Stadium
23 Aug 2025,FT,Uganda,0,1,Senegal,1,0,African Nations Championship 2025 (CHAN) - Final Comp.,Second stage,Mandela National Stadium
22 Aug 2025,FT,Tanzania,0,1,Morocco,1,0,African Nations Championship 2025 (CHAN) - Final Comp.,Second stage,Benjamin Mkapa (National Stadium)
22 Aug 2025,FT,Kenya,1,1,Madagascar,1,0,African Nations Championship 2025 (CHAN) - Final Comp.,Second stage,Moi International Sports Centre
19 Aug 2025,FT,Sudan,0,0,Senegal,0,0,African Nations Championship 2025 (CHAN) - Final Comp.,First stage,Amaan Stadium
19 Aug 2025,FT,Nigeria,2,0,Congo,0,0,African Nations Championship 2025 (CHAN) - Final Comp.,First stage,Benjamin Mkapa (National Stadium)
18 Aug 2025,FT,South_Africa,3,0,Uganda,3,1,African Nations Championship 2025 (CHAN) - Final Comp.,First stage,Mandela National Stadium
18 Aug 2025,FT,Algeria,0,0,Niger,0,0,African Nations Championship 2025 (CHAN) - Final Comp.,First stage,Nyayo National Stadium
17 Aug 2025,FT,Congo_DR,1,0,Morocco,3,0,African Nations Championship 2025 (CHAN) - Final Comp.,First stage,Nyayo National Stadium
17 Aug 2025,FT,Zambia,0,0,Kenya,1,1,African Nations Championship 2025 (CHAN) - Final Comp.,First stage,Moi International Sports Centre
16 Aug 2025,FT,Burkina_Faso,1,0,Madagascar,2,0,African Nations Championship 2025 (CHAN) - Final Comp.,First stage,Amaan Stadium
16 Aug 2025,FT,Central_African_Republic,0,0,Tanzania,0,1,African Nations Championship 2025 (CHAN) - Final Comp.,First stage,Benjamin Mkapa (National Stadium)
15 Aug 2025,FT,Niger,0,0,South_Africa,0,0,African Nations Championship 2025 (CHAN) - Final Comp.,First stage,Mandela National Stadium
15 Aug 2025,FT,Guinea,1,0,Algeria,1,0,African Nations Championship 2025 (CHAN) - Final Comp.,First stage,Mandela National Stadium
14 Aug 2025,FT,Angola,0,0,Congo_DR,2,0,African Nations Championship 2025 (CHAN) - Final Comp.,First stage,Moi International Sports Centre
14 Aug 2025,FT,Morocco,3,0,Zambia,1,0,African Nations Championship 2025 (CHAN) - Final Comp.,First stage,Nyayo National Stadium
13 Aug 2025,FT,Mauritania,1,0,Burkina_Faso,0,0,African Nations Championship 2025 (CHAN) - Final Comp.,First stage,Benjamin Mkapa (National Stadium)
13 Aug 2025,FT,Madagascar,2,0,Central_African_Republic,0,0,African Nations Championship 2025 (CHAN) - Final Comp.,First stage,Benjamin Mkapa (National Stadium)
12 Aug 2025,FT,Sudan,4,0,Nigeria,0,0,African Nations Championship 2025 (CHAN) - Final Comp.,First stage,Amaan Stadium
12 Aug 2025,FT,Senegal,1,0,Congo,1,0,African Nations Championship 2025 (CHAN) - Final Comp.,First stage,Amaan Stadium
11 Aug 2025,FT,Uganda,2,1,Niger,0,0,African Nations Championship 2025 (CHAN) - Final Comp.,First stage,Mandela National Stadium
